Order;OWL URI;Download Time (ms);Axiom Count
1;http://data.bioontology.org/ontologies/ICO/download?apikey=c96ea8d0-efe1-48bb-b123-bad6404dce85;5904;4607
2;http://data.bioontology.org/ontologies/TMO/download?apikey=c96ea8d0-efe1-48bb-b123-bad6404dce85;2152;1152
3;http://data.bioontology.org/ontologies/HEIO/download?apikey=c96ea8d0-efe1-48bb-b123-bad6404dce85;23325;16629
4;http://data.bioontology.org/ontologies/FB-CV/download?apikey=c96ea8d0-efe1-48bb-b123-bad6404dce85;14028;5213
5;http://data.bioontology.org/ontologies/NIFDYS/download?apikey=c96ea8d0-efe1-48bb-b123-bad6404dce85;20966;5687
6;http://data.bioontology.org/ontologies/ONTOAD/download?apikey=c96ea8d0-efe1-48bb-b123-bad6404dce85;27390;74376
7;http://data.bioontology.org/ontologies/HIVO004/download?apikey=c96ea8d0-efe1-48bb-b123-bad6404dce85;3837;4409
8;http://data.bioontology.org/ontologies/SIO/download?apikey=c96ea8d0-efe1-48bb-b123-bad6404dce85;8577;11222
9;http://data.bioontology.org/ontologies/RPO/download?apikey=c96ea8d0-efe1-48bb-b123-bad6404dce85;9640;22546
10;http://data.bioontology.org/ontologies/BIRNLEX/download?apikey=c96ea8d0-efe1-48bb-b123-bad6404dce85;19879;40396
11;http://data.bioontology.org/ontologies/GBM/download?apikey=c96ea8d0-efe1-48bb-b123-bad6404dce85;1418;477
12;http://data.bioontology.org/ontologies/NCRO/download?apikey=c96ea8d0-efe1-48bb-b123-bad6404dce85;23639;24033
13;http://data.bioontology.org/ontologies/OPL/download?apikey=c96ea8d0-efe1-48bb-b123-bad6404dce85;7912;2898
14;http://data.bioontology.org/ontologies/EDDA/download?apikey=c96ea8d0-efe1-48bb-b123-bad6404dce85;6501;2591
15;http://data.bioontology.org/ontologies/AURA/download?apikey=c96ea8d0-efe1-48bb-b123-bad6404dce85;185805;86611
16;http://data.bioontology.org/ontologies/GFO-BIO/download?apikey=c96ea8d0-efe1-48bb-b123-bad6404dce85;1074;385
17;http://data.bioontology.org/ontologies/FHHO/download?apikey=c96ea8d0-efe1-48bb-b123-bad6404dce85;2252;1874
18;http://data.bioontology.org/ontologies/ONTODM-KDD/download?apikey=c96ea8d0-efe1-48bb-b123-bad6404dce85;5187;1466
19;http://data.bioontology.org/ontologies/OGMS/download?apikey=c96ea8d0-efe1-48bb-b123-bad6404dce85;4006;545
20;http://data.bioontology.org/ontologies/BRO/download?apikey=c96ea8d0-efe1-48bb-b123-bad6404dce85;4817;2490
21;http://data.bioontology.org/ontologies/MEDO/download?apikey=c96ea8d0-efe1-48bb-b123-bad6404dce85;1088;355
22;http://data.bioontology.org/ontologies/COGAT/download?apikey=c96ea8d0-efe1-48bb-b123-bad6404dce85;9839;16102
23;http://data.bioontology.org/ontologies/HL7/download?apikey=c96ea8d0-efe1-48bb-b123-bad6404dce85;166637;124227
24;http://data.bioontology.org/ontologies/CCONT/download?apikey=c96ea8d0-efe1-48bb-b123-bad6404dce85;7350;809
25;http://data.bioontology.org/ontologies/ONTOKBCF/download?apikey=c96ea8d0-efe1-48bb-b123-bad6404dce85;3691;1373
26;http://data.bioontology.org/ontologies/EPILONT/download?apikey=c96ea8d0-efe1-48bb-b123-bad6404dce85;871;741
27;http://data.bioontology.org/ontologies/TM-OTHER-FACTORS/download?apikey=c96ea8d0-efe1-48bb-b123-bad6404dce85;413;64
28;http://data.bioontology.org/ontologies/GENE-CDS/download?apikey=c96ea8d0-efe1-48bb-b123-bad6404dce85;8828;10600
29;http://data.bioontology.org/ontologies/ICF/download?apikey=c96ea8d0-efe1-48bb-b123-bad6404dce85;12044;26872
30;http://data.bioontology.org/ontologies/LHN/download?apikey=c96ea8d0-efe1-48bb-b123-bad6404dce85;3031;1828
31;http://data.bioontology.org/ontologies/OCRE/download?apikey=c96ea8d0-efe1-48bb-b123-bad6404dce85;1127;30
32;http://data.bioontology.org/ontologies/TM-SIGNS-AND-SYMPTS/download?apikey=c96ea8d0-efe1-48bb-b123-bad6404dce85;3652;2371
33;http://data.bioontology.org/ontologies/FIRE/download?apikey=c96ea8d0-efe1-48bb-b123-bad6404dce85;674;402
34;http://data.bioontology.org/ontologies/NTDO/download?apikey=c96ea8d0-efe1-48bb-b123-bad6404dce85;7953;93
35;http://data.bioontology.org/ontologies/SCHEMA/download?apikey=c96ea8d0-efe1-48bb-b123-bad6404dce85;14965;6546
36;http://data.bioontology.org/ontologies/OPB/download?apikey=c96ea8d0-efe1-48bb-b123-bad6404dce85;2867;3413
37;http://data.bioontology.org/ontologies/MWLA/download?apikey=c96ea8d0-efe1-48bb-b123-bad6404dce85;1397;542
38;http://data.bioontology.org/ontologies/CANCO/download?apikey=c96ea8d0-efe1-48bb-b123-bad6404dce85;1724;811
39;http://data.bioontology.org/ontologies/SITBAC/download?apikey=c96ea8d0-efe1-48bb-b123-bad6404dce85;4324;1467
40;http://data.bioontology.org/ontologies/NMR/download?apikey=c96ea8d0-efe1-48bb-b123-bad6404dce85;4963;1096
41;http://data.bioontology.org/ontologies/TOP-MENELAS/download?apikey=c96ea8d0-efe1-48bb-b123-bad6404dce85;3358;5035
42;http://data.bioontology.org/ontologies/CDAO/download?apikey=c96ea8d0-efe1-48bb-b123-bad6404dce85;1182;931
43;http://data.bioontology.org/ontologies/BHN/download?apikey=c96ea8d0-efe1-48bb-b123-bad6404dce85;6944;10237
44;http://data.bioontology.org/ontologies/ROO/download?apikey=c96ea8d0-efe1-48bb-b123-bad6404dce85;6278;7261
45;http://data.bioontology.org/ontologies/NLMVS/download?apikey=c96ea8d0-efe1-48bb-b123-bad6404dce85;270774;273287
46;http://data.bioontology.org/ontologies/ONTOTOXNUC/download?apikey=c96ea8d0-efe1-48bb-b123-bad6404dce85;2570;2642
47;http://data.bioontology.org/ontologies/MEO/download?apikey=c96ea8d0-efe1-48bb-b123-bad6404dce85;4224;4463
48;http://data.bioontology.org/ontologies/ICD9CM/download?apikey=c96ea8d0-efe1-48bb-b123-bad6404dce85;242326;306326
49;http://data.bioontology.org/ontologies/CU-VO/download?apikey=c96ea8d0-efe1-48bb-b123-bad6404dce85;6965;91584
50;http://data.bioontology.org/ontologies/CCON/download?apikey=c96ea8d0-efe1-48bb-b123-bad6404dce85;815;1229
51;http://data.bioontology.org/ontologies/BIOMODELS/download?apikey=c96ea8d0-efe1-48bb-b123-bad6404dce85;114633;1905822
52;http://data.bioontology.org/ontologies/BDO/download?apikey=c96ea8d0-efe1-48bb-b123-bad6404dce85;16051;13980
53;http://data.bioontology.org/ontologies/BAO-GPCR/download?apikey=c96ea8d0-efe1-48bb-b123-bad6404dce85;3899;7610
54;http://data.bioontology.org/ontologies/NIHSS/download?apikey=c96ea8d0-efe1-48bb-b123-bad6404dce85;503;870
55;http://data.bioontology.org/ontologies/OBIWS/download?apikey=c96ea8d0-efe1-48bb-b123-bad6404dce85;2796;2241
56;http://data.bioontology.org/ontologies/ATC/download?apikey=c96ea8d0-efe1-48bb-b123-bad6404dce85;72789;60905
57;http://data.bioontology.org/ontologies/ANCESTRO/download?apikey=c96ea8d0-efe1-48bb-b123-bad6404dce85;1044;1705
58;http://data.bioontology.org/ontologies/MSTDE-FRE/download?apikey=c96ea8d0-efe1-48bb-b123-bad6404dce85;33471;21684
59;http://data.bioontology.org/ontologies/TM-CONST/download?apikey=c96ea8d0-efe1-48bb-b123-bad6404dce85;283;94
60;http://data.bioontology.org/ontologies/PMR/download?apikey=c96ea8d0-efe1-48bb-b123-bad6404dce85;288;317
61;http://data.bioontology.org/ontologies/SSE/download?apikey=c96ea8d0-efe1-48bb-b123-bad6404dce85;3521;5253
62;http://data.bioontology.org/ontologies/BMT/download?apikey=c96ea8d0-efe1-48bb-b123-bad6404dce85;3455;3020
63;http://data.bioontology.org/ontologies/OBIB/download?apikey=c96ea8d0-efe1-48bb-b123-bad6404dce85;4842;5832
64;http://data.bioontology.org/ontologies/QUDT/download?apikey=c96ea8d0-efe1-48bb-b123-bad6404dce85;4030;970
65;http://data.bioontology.org/ontologies/ONTODM-CORE/download?apikey=c96ea8d0-efe1-48bb-b123-bad6404dce85;6493;2347
66;http://data.bioontology.org/ontologies/BCO/download?apikey=c96ea8d0-efe1-48bb-b123-bad6404dce85;4784;3941
67;http://data.bioontology.org/ontologies/DCM/download?apikey=c96ea8d0-efe1-48bb-b123-bad6404dce85;2036;13088
68;http://data.bioontology.org/ontologies/PATHLEX/download?apikey=c96ea8d0-efe1-48bb-b123-bad6404dce85;3913;7174
69;http://data.bioontology.org/ontologies/ERO/download?apikey=c96ea8d0-efe1-48bb-b123-bad6404dce85;27566;30519
70;http://data.bioontology.org/ontologies/EDAM/download?apikey=c96ea8d0-efe1-48bb-b123-bad6404dce85;13924;29082
71;http://data.bioontology.org/ontologies/ASDPTO/download?apikey=c96ea8d0-efe1-48bb-b123-bad6404dce85;1767;1434
72;http://data.bioontology.org/ontologies/TYPON/download?apikey=c96ea8d0-efe1-48bb-b123-bad6404dce85;1420;356
73;http://data.bioontology.org/ontologies/CHEMINF/download?apikey=c96ea8d0-efe1-48bb-b123-bad6404dce85;5799;1601
74;http://data.bioontology.org/ontologies/GFO/download?apikey=c96ea8d0-efe1-48bb-b123-bad6404dce85;446;479
75;http://data.bioontology.org/ontologies/CAO/download?apikey=c96ea8d0-efe1-48bb-b123-bad6404dce85;2039;1677
76;http://data.bioontology.org/ontologies/SD3/download?apikey=c96ea8d0-efe1-48bb-b123-bad6404dce85;1617;149
77;http://data.bioontology.org/ontologies/NGSONTO/download?apikey=c96ea8d0-efe1-48bb-b123-bad6404dce85;1859;717
78;http://data.bioontology.org/ontologies/RSA/download?apikey=c96ea8d0-efe1-48bb-b123-bad6404dce85;1729;80
79;http://data.bioontology.org/ontologies/PHARE/download?apikey=c96ea8d0-efe1-48bb-b123-bad6404dce85;1337;2169
80;http://data.bioontology.org/ontologies/AMINO-ACID/download?apikey=c96ea8d0-efe1-48bb-b123-bad6404dce85;1556;572
81;http://data.bioontology.org/ontologies/DCO-DEBUGIT/download?apikey=c96ea8d0-efe1-48bb-b123-bad6404dce85;8166;7268
82;http://data.bioontology.org/ontologies/BHO/download?apikey=c96ea8d0-efe1-48bb-b123-bad6404dce85;1956;2619
83;http://data.bioontology.org/ontologies/ADMIN/download?apikey=c96ea8d0-efe1-48bb-b123-bad6404dce85;2081;624
84;http://data.bioontology.org/ontologies/CYTO/download?apikey=c96ea8d0-efe1-48bb-b123-bad6404dce85;2263;5700
85;http://data.bioontology.org/ontologies/BP/download?apikey=c96ea8d0-efe1-48bb-b123-bad6404dce85;1748;714
86;http://data.bioontology.org/ontologies/MCCV/download?apikey=c96ea8d0-efe1-48bb-b123-bad6404dce85;3499;555
87;http://data.bioontology.org/ontologies/AI-RHEUM/download?apikey=c96ea8d0-efe1-48bb-b123-bad6404dce85;11300;5963
88;http://data.bioontology.org/ontologies/EOL/download?apikey=c96ea8d0-efe1-48bb-b123-bad6404dce85;6149;4617
89;http://data.bioontology.org/ontologies/COSTART/download?apikey=c96ea8d0-efe1-48bb-b123-bad6404dce85;28031;21648
90;http://data.bioontology.org/ontologies/SPO/download?apikey=c96ea8d0-efe1-48bb-b123-bad6404dce85;9624;1882
91;http://data.bioontology.org/ontologies/PEAO/download?apikey=c96ea8d0-efe1-48bb-b123-bad6404dce85;13603;729
92;http://data.bioontology.org/ontologies/MO/download?apikey=c96ea8d0-efe1-48bb-b123-bad6404dce85;7111;4689
93;http://data.bioontology.org/ontologies/ADO/download?apikey=c96ea8d0-efe1-48bb-b123-bad6404dce85;3208;8334
94;http://data.bioontology.org/ontologies/CARRE/download?apikey=c96ea8d0-efe1-48bb-b123-bad6404dce85;2911;1058
95;http://data.bioontology.org/ontologies/IDODEN/download?apikey=c96ea8d0-efe1-48bb-b123-bad6404dce85;18813;28984
96;http://data.bioontology.org/ontologies/OGDI/download?apikey=c96ea8d0-efe1-48bb-b123-bad6404dce85;4630;2613
97;http://data.bioontology.org/ontologies/NMOBR/download?apikey=c96ea8d0-efe1-48bb-b123-bad6404dce85;9256;0
98;http://data.bioontology.org/ontologies/HUPSON/download?apikey=c96ea8d0-efe1-48bb-b123-bad6404dce85;19205;23522
99;http://data.bioontology.org/ontologies/IMGT-ONTOLOGY/download?apikey=c96ea8d0-efe1-48bb-b123-bad6404dce85;22178;23299
100;http://data.bioontology.org/ontologies/OMIT/download?apikey=c96ea8d0-efe1-48bb-b123-bad6404dce85;13560;23811
101;http://data.bioontology.org/ontologies/BIOMO/download?apikey=c96ea8d0-efe1-48bb-b123-bad6404dce85;6358;127
102;http://data.bioontology.org/ontologies/RNAO/download?apikey=c96ea8d0-efe1-48bb-b123-bad6404dce85;1552;1304
103;http://data.bioontology.org/ontologies/SEDI/download?apikey=c96ea8d0-efe1-48bb-b123-bad6404dce85;21474;22136
104;http://data.bioontology.org/ontologies/MCCL/download?apikey=c96ea8d0-efe1-48bb-b123-bad6404dce85;20806;19082
105;http://data.bioontology.org/ontologies/OGR/download?apikey=c96ea8d0-efe1-48bb-b123-bad6404dce85;281;117
106;http://data.bioontology.org/ontologies/HCPCS/download?apikey=c96ea8d0-efe1-48bb-b123-bad6404dce85;141596;89657
107;http://data.bioontology.org/ontologies/ICD10CM/download?apikey=c96ea8d0-efe1-48bb-b123-bad6404dce85;1102268;1215781
108;http://data.bioontology.org/ontologies/DIDEO/download?apikey=c96ea8d0-efe1-48bb-b123-bad6404dce85;10071;1752
109;http://data.bioontology.org/ontologies/GLYCORDF/download?apikey=c96ea8d0-efe1-48bb-b123-bad6404dce85;6841;2165
110;http://data.bioontology.org/ontologies/HAO/download?apikey=c96ea8d0-efe1-48bb-b123-bad6404dce85;26425;23927
111;http://data.bioontology.org/ontologies/MSV/download?apikey=c96ea8d0-efe1-48bb-b123-bad6404dce85;3039;1684
112;http://data.bioontology.org/ontologies/CRISP/download?apikey=c96ea8d0-efe1-48bb-b123-bad6404dce85;266761;245278
113;http://data.bioontology.org/ontologies/CL/download?apikey=c96ea8d0-efe1-48bb-b123-bad6404dce85;46923;22541
114;http://data.bioontology.org/ontologies/CPTAC/download?apikey=c96ea8d0-efe1-48bb-b123-bad6404dce85;22613;1567
115;http://data.bioontology.org/ontologies/TAXRANK/download?apikey=c96ea8d0-efe1-48bb-b123-bad6404dce85;1466;450
116;http://data.bioontology.org/ontologies/CABRO/download?apikey=c96ea8d0-efe1-48bb-b123-bad6404dce85;660;175
117;http://data.bioontology.org/ontologies/CTCAE/download?apikey=c96ea8d0-efe1-48bb-b123-bad6404dce85;37879;37813
118;http://data.bioontology.org/ontologies/NIFSUBCELL/download?apikey=c96ea8d0-efe1-48bb-b123-bad6404dce85;27799;3551
119;http://data.bioontology.org/ontologies/TRIAGE/download?apikey=c96ea8d0-efe1-48bb-b123-bad6404dce85;1661;220
120;http://data.bioontology.org/ontologies/WIKIPATHWAYS/download?apikey=c96ea8d0-efe1-48bb-b123-bad6404dce85;1985;370
121;http://data.bioontology.org/ontologies/MSTDE/download?apikey=c96ea8d0-efe1-48bb-b123-bad6404dce85;25424;21684
122;http://data.bioontology.org/ontologies/ONTODT/download?apikey=c96ea8d0-efe1-48bb-b123-bad6404dce85;4585;2727
123;http://data.bioontology.org/ontologies/LDA/download?apikey=c96ea8d0-efe1-48bb-b123-bad6404dce85;2172;258
124;http://data.bioontology.org/ontologies/SWO/download?apikey=c96ea8d0-efe1-48bb-b123-bad6404dce85;20379;36096
125;http://data.bioontology.org/ontologies/OBCS/download?apikey=c96ea8d0-efe1-48bb-b123-bad6404dce85;7437;6548
126;http://data.bioontology.org/ontologies/MIRNAO/download?apikey=c96ea8d0-efe1-48bb-b123-bad6404dce85;5455;3868
127;http://data.bioontology.org/ontologies/RADLEX/download?apikey=c96ea8d0-efe1-48bb-b123-bad6404dce85;156507;483789
128;http://data.bioontology.org/ontologies/GALEN/download?apikey=c96ea8d0-efe1-48bb-b123-bad6404dce85;95236;63329
129;http://data.bioontology.org/ontologies/BRIDG/download?apikey=c96ea8d0-efe1-48bb-b123-bad6404dce85;40411;19841
130;http://data.bioontology.org/ontologies/ICD11-BODYSYSTEM/download?apikey=c96ea8d0-efe1-48bb-b123-bad6404dce85;252;87
131;http://data.bioontology.org/ontologies/VIVO/download?apikey=c96ea8d0-efe1-48bb-b123-bad6404dce85;31653;1865
132;http://data.bioontology.org/ontologies/AERO/download?apikey=c96ea8d0-efe1-48bb-b123-bad6404dce85;11712;1616
133;http://data.bioontology.org/ontologies/ONLIRA/download?apikey=c96ea8d0-efe1-48bb-b123-bad6404dce85;1906;656
134;http://data.bioontology.org/ontologies/SMASH/download?apikey=c96ea8d0-efe1-48bb-b123-bad6404dce85;4915;0
135;http://data.bioontology.org/ontologies/ICECI/download?apikey=c96ea8d0-efe1-48bb-b123-bad6404dce85;13066;15859
136;http://data.bioontology.org/ontologies/ONTOPNEUMO/download?apikey=c96ea8d0-efe1-48bb-b123-bad6404dce85;4939;5559
137;http://data.bioontology.org/ontologies/PDON/download?apikey=c96ea8d0-efe1-48bb-b123-bad6404dce85;8160;4068
138;http://data.bioontology.org/ontologies/NEOMARK3/download?apikey=c96ea8d0-efe1-48bb-b123-bad6404dce85;4203;2513
139;http://data.bioontology.org/ontologies/ADAR/download?apikey=c96ea8d0-efe1-48bb-b123-bad6404dce85;36567;17857
140;http://data.bioontology.org/ontologies/MCBCC/download?apikey=c96ea8d0-efe1-48bb-b123-bad6404dce85;6324;3280
141;http://data.bioontology.org/ontologies/FO/download?apikey=c96ea8d0-efe1-48bb-b123-bad6404dce85;431;262
142;http://data.bioontology.org/ontologies/ONL-MR-DA/download?apikey=c96ea8d0-efe1-48bb-b123-bad6404dce85;4231;813
143;http://data.bioontology.org/ontologies/DERMLEX/download?apikey=c96ea8d0-efe1-48bb-b123-bad6404dce85;43965;24473
144;http://data.bioontology.org/ontologies/ODNAE/download?apikey=c96ea8d0-efe1-48bb-b123-bad6404dce85;7679;19537
145;http://data.bioontology.org/ontologies/InterNano/download?apikey=c96ea8d0-efe1-48bb-b123-bad6404dce85;1346;2958
146;http://data.bioontology.org/ontologies/BT/download?apikey=c96ea8d0-efe1-48bb-b123-bad6404dce85;1894;2322
147;http://data.bioontology.org/ontologies/ONTOMA/download?apikey=c96ea8d0-efe1-48bb-b123-bad6404dce85;950;870
148;http://data.bioontology.org/ontologies/CSEO/download?apikey=c96ea8d0-efe1-48bb-b123-bad6404dce85;89816;146680
149;http://data.bioontology.org/ontologies/STUFF/download?apikey=c96ea8d0-efe1-48bb-b123-bad6404dce85;1665;266
150;http://data.bioontology.org/ontologies/CMPO/download?apikey=c96ea8d0-efe1-48bb-b123-bad6404dce85;19926;21144
151;http://data.bioontology.org/ontologies/EMO/download?apikey=c96ea8d0-efe1-48bb-b123-bad6404dce85;3733;1269
152;http://data.bioontology.org/ontologies/SHR/download?apikey=c96ea8d0-efe1-48bb-b123-bad6404dce85;605;825
153;http://data.bioontology.org/ontologies/ONSTR/download?apikey=c96ea8d0-efe1-48bb-b123-bad6404dce85;23771;13193
154;http://data.bioontology.org/ontologies/MF/download?apikey=c96ea8d0-efe1-48bb-b123-bad6404dce85;5807;51
155;http://data.bioontology.org/ontologies/MERA/download?apikey=c96ea8d0-efe1-48bb-b123-bad6404dce85;1109;114
156;http://data.bioontology.org/ontologies/GFVO/download?apikey=c96ea8d0-efe1-48bb-b123-bad6404dce85;682;868
157;http://data.bioontology.org/ontologies/VTO/download?apikey=c96ea8d0-efe1-48bb-b123-bad6404dce85;724396;868573
158;http://data.bioontology.org/ontologies/PMA/download?apikey=c96ea8d0-efe1-48bb-b123-bad6404dce85;7564;10416
159;http://data.bioontology.org/ontologies/SAO/download?apikey=c96ea8d0-efe1-48bb-b123-bad6404dce85;6772;7767
160;http://data.bioontology.org/ontologies/NEMO/download?apikey=c96ea8d0-efe1-48bb-b123-bad6404dce85;21331;26712
161;http://data.bioontology.org/ontologies/UNITSONT/download?apikey=c96ea8d0-efe1-48bb-b123-bad6404dce85;1097;340
162;http://data.bioontology.org/ontologies/NEOMARK4/download?apikey=c96ea8d0-efe1-48bb-b123-bad6404dce85;4471;2785
163;http://data.bioontology.org/ontologies/ORTHO/download?apikey=c96ea8d0-efe1-48bb-b123-bad6404dce85;2005;188
164;http://data.bioontology.org/ontologies/REPO/download?apikey=c96ea8d0-efe1-48bb-b123-bad6404dce85;1039;697
165;http://data.bioontology.org/ontologies/FLOPO/download?apikey=c96ea8d0-efe1-48bb-b123-bad6404dce85;36466;87708
166;http://data.bioontology.org/ontologies/VSO/download?apikey=c96ea8d0-efe1-48bb-b123-bad6404dce85;7415;307
167;http://data.bioontology.org/ontologies/OMIM/download?apikey=c96ea8d0-efe1-48bb-b123-bad6404dce85;1021777;949623
168;http://data.bioontology.org/ontologies/CN/download?apikey=c96ea8d0-efe1-48bb-b123-bad6404dce85;3180;1842
169;http://data.bioontology.org/ontologies/VANDF/download?apikey=c96ea8d0-efe1-48bb-b123-bad6404dce85;779023;625282
170;http://data.bioontology.org/ontologies/INO/download?apikey=c96ea8d0-efe1-48bb-b123-bad6404dce85;7059;1505
171;http://data.bioontology.org/ontologies/DIAB/download?apikey=c96ea8d0-efe1-48bb-b123-bad6404dce85;4522;5881
172;http://data.bioontology.org/ontologies/MAMO/download?apikey=c96ea8d0-efe1-48bb-b123-bad6404dce85;2266;703
173;http://data.bioontology.org/ontologies/CSSO/download?apikey=c96ea8d0-efe1-48bb-b123-bad6404dce85;1978;3397
174;http://data.bioontology.org/ontologies/BIM/download?apikey=c96ea8d0-efe1-48bb-b123-bad6404dce85;568;554
175;http://data.bioontology.org/ontologies/EP/download?apikey=c96ea8d0-efe1-48bb-b123-bad6404dce85;18031;769
176;http://data.bioontology.org/ontologies/SSO/download?apikey=c96ea8d0-efe1-48bb-b123-bad6404dce85;1314;2050
177;http://data.bioontology.org/ontologies/UBERON/download?apikey=c96ea8d0-efe1-48bb-b123-bad6404dce85;285021;230433
178;http://data.bioontology.org/ontologies/MFOEM/download?apikey=c96ea8d0-efe1-48bb-b123-bad6404dce85;1718;1073
179;http://data.bioontology.org/ontologies/TOK/download?apikey=c96ea8d0-efe1-48bb-b123-bad6404dce85;2242;1687
180;http://data.bioontology.org/ontologies/MIXS/download?apikey=c96ea8d0-efe1-48bb-b123-bad6404dce85;580;729
181;http://data.bioontology.org/ontologies/ELIG/download?apikey=c96ea8d0-efe1-48bb-b123-bad6404dce85;313;106
182;http://data.bioontology.org/ontologies/STATO/download?apikey=c96ea8d0-efe1-48bb-b123-bad6404dce85;13019;7990
183;http://data.bioontology.org/ontologies/CHMO/download?apikey=c96ea8d0-efe1-48bb-b123-bad6404dce85;36381;27173
184;http://data.bioontology.org/ontologies/EO/download?apikey=c96ea8d0-efe1-48bb-b123-bad6404dce85;5514;3613
185;http://data.bioontology.org/ontologies/PDO/download?apikey=c96ea8d0-efe1-48bb-b123-bad6404dce85;2150;3997
186;http://data.bioontology.org/ontologies/DOCCC/download?apikey=c96ea8d0-efe1-48bb-b123-bad6404dce85;2337;760
187;http://data.bioontology.org/ontologies/ONL-DP/download?apikey=c96ea8d0-efe1-48bb-b123-bad6404dce85;2519;382
188;http://data.bioontology.org/ontologies/SYN/download?apikey=c96ea8d0-efe1-48bb-b123-bad6404dce85;38139;64996
189;http://data.bioontology.org/ontologies/PIERO/download?apikey=c96ea8d0-efe1-48bb-b123-bad6404dce85;1746;521
190;http://data.bioontology.org/ontologies/ORDO/download?apikey=c96ea8d0-efe1-48bb-b123-bad6404dce85;318132;149653
191;http://data.bioontology.org/ontologies/IAO/download?apikey=c96ea8d0-efe1-48bb-b123-bad6404dce85;3371;2744
192;http://data.bioontology.org/ontologies/ADW/download?apikey=c96ea8d0-efe1-48bb-b123-bad6404dce85;4381;1432
193;http://data.bioontology.org/ontologies/KISAO/download?apikey=c96ea8d0-efe1-48bb-b123-bad6404dce85;3449;2524
194;http://data.bioontology.org/ontologies/DINTO/download?apikey=c96ea8d0-efe1-48bb-b123-bad6404dce85;871128;446642
195;http://data.bioontology.org/ontologies/NPO/download?apikey=c96ea8d0-efe1-48bb-b123-bad6404dce85;12940;27764
196;http://data.bioontology.org/ontologies/CTX/download?apikey=c96ea8d0-efe1-48bb-b123-bad6404dce85;4304;6256
197;http://data.bioontology.org/ontologies/ABA-AMB/download?apikey=c96ea8d0-efe1-48bb-b123-bad6404dce85;58946;6178
198;http://data.bioontology.org/ontologies/BNO/download?apikey=c96ea8d0-efe1-48bb-b123-bad6404dce85;982;281
199;http://data.bioontology.org/ontologies/TM-MER/download?apikey=c96ea8d0-efe1-48bb-b123-bad6404dce85;922;144
200;http://data.bioontology.org/ontologies/ENM/download?apikey=c96ea8d0-efe1-48bb-b123-bad6404dce85;105564;0
201;http://data.bioontology.org/ontologies/DIAGONT/download?apikey=c96ea8d0-efe1-48bb-b123-bad6404dce85;1222;446
202;http://data.bioontology.org/ontologies/SWEET/download?apikey=c96ea8d0-efe1-48bb-b123-bad6404dce85;134578;0
203;http://data.bioontology.org/ontologies/ATOL/download?apikey=c96ea8d0-efe1-48bb-b123-bad6404dce85;33439;56671
204;http://data.bioontology.org/ontologies/PORO/download?apikey=c96ea8d0-efe1-48bb-b123-bad6404dce85;8451;4167
205;http://data.bioontology.org/ontologies/SYMP/download?apikey=c96ea8d0-efe1-48bb-b123-bad6404dce85;6060;5937
206;http://data.bioontology.org/ontologies/CBO/download?apikey=c96ea8d0-efe1-48bb-b123-bad6404dce85;1445;1967
207;http://data.bioontology.org/ontologies/TEDDY/download?apikey=c96ea8d0-efe1-48bb-b123-bad6404dce85;9444;13445
208;http://data.bioontology.org/ontologies/CARELEX/download?apikey=c96ea8d0-efe1-48bb-b123-bad6404dce85;6470;6683
209;http://data.bioontology.org/ontologies/HPIO/download?apikey=c96ea8d0-efe1-48bb-b123-bad6404dce85;3653;1860
210;http://data.bioontology.org/ontologies/RNPRIO/download?apikey=c96ea8d0-efe1-48bb-b123-bad6404dce85;533;219
211;http://data.bioontology.org/ontologies/ICPS/download?apikey=c96ea8d0-efe1-48bb-b123-bad6404dce85;767;458
212;http://data.bioontology.org/ontologies/suicideo/download?apikey=c96ea8d0-efe1-48bb-b123-bad6404dce85;4056;1728
213;http://data.bioontology.org/ontologies/PP/download?apikey=c96ea8d0-efe1-48bb-b123-bad6404dce85;1946;41
214;http://data.bioontology.org/ontologies/GPML/download?apikey=c96ea8d0-efe1-48bb-b123-bad6404dce85;2254;625
215;http://data.bioontology.org/ontologies/CHEMBIO/download?apikey=c96ea8d0-efe1-48bb-b123-bad6404dce85;2039;1065
216;http://data.bioontology.org/ontologies/OBI_BCGO/download?apikey=c96ea8d0-efe1-48bb-b123-bad6404dce85;19563;19870
217;http://data.bioontology.org/ontologies/ECP/download?apikey=c96ea8d0-efe1-48bb-b123-bad6404dce85;1591;296
218;http://data.bioontology.org/ontologies/CSO/download?apikey=c96ea8d0-efe1-48bb-b123-bad6404dce85;392;110
219;http://data.bioontology.org/ontologies/PROPREO/download?apikey=c96ea8d0-efe1-48bb-b123-bad6404dce85;5180;1605
220;http://data.bioontology.org/ontologies/PCO/download?apikey=c96ea8d0-efe1-48bb-b123-bad6404dce85;14898;17223
221;http://data.bioontology.org/ontologies/MEDLINEPLUS/download?apikey=c96ea8d0-efe1-48bb-b123-bad6404dce85;178934;119839
222;http://data.bioontology.org/ontologies/EDAMTO/download?apikey=c96ea8d0-efe1-48bb-b123-bad6404dce85;1717;2821
223;http://data.bioontology.org/ontologies/OOEVV/download?apikey=c96ea8d0-efe1-48bb-b123-bad6404dce85;1639;357
224;http://data.bioontology.org/ontologies/NCCO/download?apikey=c96ea8d0-efe1-48bb-b123-bad6404dce85;3068;970
225;http://data.bioontology.org/ontologies/PAV/download?apikey=c96ea8d0-efe1-48bb-b123-bad6404dce85;678;292
226;http://data.bioontology.org/ontologies/PHYLONT/download?apikey=c96ea8d0-efe1-48bb-b123-bad6404dce85;1526;712
227;http://data.bioontology.org/ontologies/SO/download?apikey=c96ea8d0-efe1-48bb-b123-bad6404dce85;19579;20852
228;http://data.bioontology.org/ontologies/OBI/download?apikey=c96ea8d0-efe1-48bb-b123-bad6404dce85;30117;31487
229;http://data.bioontology.org/ontologies/GCO/download?apikey=c96ea8d0-efe1-48bb-b123-bad6404dce85;1297;22
230;http://data.bioontology.org/ontologies/IFAR/download?apikey=c96ea8d0-efe1-48bb-b123-bad6404dce85;17051;24020
231;http://data.bioontology.org/ontologies/BFO/download?apikey=c96ea8d0-efe1-48bb-b123-bad6404dce85;2332;575
232;http://data.bioontology.org/ontologies/MHC/download?apikey=c96ea8d0-efe1-48bb-b123-bad6404dce85;21866;602
233;http://data.bioontology.org/ontologies/PDO_CAS/download?apikey=c96ea8d0-efe1-48bb-b123-bad6404dce85;24729;46495
234;http://data.bioontology.org/ontologies/DRON/download?apikey=c96ea8d0-efe1-48bb-b123-bad6404dce85;982957;0
235;http://data.bioontology.org/ontologies/ONL-MSA/download?apikey=c96ea8d0-efe1-48bb-b123-bad6404dce85;6265;6387
236;http://data.bioontology.org/ontologies/VIVO-ISF/download?apikey=c96ea8d0-efe1-48bb-b123-bad6404dce85;4553;4939
237;http://data.bioontology.org/ontologies/BOF/download?apikey=c96ea8d0-efe1-48bb-b123-bad6404dce85;3235;1993
238;http://data.bioontology.org/ontologies/SDO/download?apikey=c96ea8d0-efe1-48bb-b123-bad6404dce85;9400;7685
239;http://data.bioontology.org/ontologies/NATPRO/download?apikey=c96ea8d0-efe1-48bb-b123-bad6404dce85;79125;234994
240;http://data.bioontology.org/ontologies/ICPC/download?apikey=c96ea8d0-efe1-48bb-b123-bad6404dce85;16464;8666
241;http://data.bioontology.org/ontologies/PEDTERM/download?apikey=c96ea8d0-efe1-48bb-b123-bad6404dce85;9159;15911
242;http://data.bioontology.org/ontologies/ALLERGYDETECTOR/download?apikey=c96ea8d0-efe1-48bb-b123-bad6404dce85;652;934
243;http://data.bioontology.org/ontologies/JERM/download?apikey=c96ea8d0-efe1-48bb-b123-bad6404dce85;2093;1085
244;http://data.bioontology.org/ontologies/PHENX/download?apikey=c96ea8d0-efe1-48bb-b123-bad6404dce85;2489;3141
245;http://data.bioontology.org/ontologies/SNMI/download?apikey=c96ea8d0-efe1-48bb-b123-bad6404dce85;1102779;999581
246;http://data.bioontology.org/ontologies/ECG/download?apikey=c96ea8d0-efe1-48bb-b123-bad6404dce85;7241;7028
247;http://data.bioontology.org/ontologies/EFO/download?apikey=c96ea8d0-efe1-48bb-b123-bad6404dce85;127561;184472
248;http://data.bioontology.org/ontologies/PROVO/download?apikey=c96ea8d0-efe1-48bb-b123-bad6404dce85;1836;973
249;http://data.bioontology.org/ontologies/HINO/download?apikey=c96ea8d0-efe1-48bb-b123-bad6404dce85;246450;329803
250;http://data.bioontology.org/ontologies/BAO/download?apikey=c96ea8d0-efe1-48bb-b123-bad6404dce85;23161;11345