OWL URI;Download Time (ms);Exception Cause; Exception Detail
http://data.bioontology.org/ontologies/GEOSPECIES/download?apikey=c96ea8d0-efe1-48bb-b123-bad6404dce85;668;Could not load imported ontology: <http://rdf.geospecies.org/methods/observationMethod.rdf> Cause: http://rdf.geospecies.org/methods/observationMethod.rdf
http://data.bioontology.org/ontologies/TEO/download?apikey=c96ea8d0-efe1-48bb-b123-bad6404dce85;4471;Could not load imported ontology: <http://www.co-ode.org/ontologies/lists/2008/09/11/list.owl> Cause: http://www.co-ode.org/ontologies/lists/2008/09/11/list.owl
http://data.bioontology.org/ontologies/MOOCCUADO/download?apikey=c96ea8d0-efe1-48bb-b123-bad6404dce85;230;http://data.bioontology.org/ontologies/MOOCCUADO/download?apikey=c96ea8d0-efe1-48bb-b123-bad6404dce85
http://data.bioontology.org/ontologies/IDO/download?apikey=c96ea8d0-efe1-48bb-b123-bad6404dce85;6360;Could not load imported ontology: <http://purl.obolibrary.org/obo/ido/ido-main.owl> Cause: Could not load imported ontology: <http://www.obofoundry.org/ro/ro.owl> Cause: http://www.obofoundry.org/ro/ro.owl
http://data.bioontology.org/ontologies/TMA/download?apikey=c96ea8d0-efe1-48bb-b123-bad6404dce85;290;Anonymous ontologies are not compatible with OWLtoSQL.
http://data.bioontology.org/ontologies/PSIMOD/download?apikey=c96ea8d0-efe1-48bb-b123-bad6404dce85;8066;Server returned HTTP response code: 400 for URL: http://data.bioontology.org/ontologies/PSIMOD/download?apikey=c96ea8d0-efe1-48bb-b123-bad6404dce85
http://data.bioontology.org/ontologies/PW/download?apikey=c96ea8d0-efe1-48bb-b123-bad6404dce85;4844;Server returned HTTP response code: 400 for URL: http://data.bioontology.org/ontologies/PW/download?apikey=c96ea8d0-efe1-48bb-b123-bad6404dce85
http://data.bioontology.org/ontologies/OGSF/download?apikey=c96ea8d0-efe1-48bb-b123-bad6404dce85;2176;Could not load imported ontology: <http://purl.obolibrary.org/obo/OGI.owl> Cause: Could not load imported ontology: <http://purl.obolibrary.org/obo/ogi/CHEBI_import.owl> Cause: http://www.berkeleybop.org/ontologies/ogi/CHEBI_import.owl
http://data.bioontology.org/ontologies/OBOREL/download?apikey=c96ea8d0-efe1-48bb-b123-bad6404dce85;2594;Server returned HTTP response code: 400 for URL: http://data.bioontology.org/ontologies/OBOREL/download?apikey=c96ea8d0-efe1-48bb-b123-bad6404dce85
http://data.bioontology.org/ontologies/MOOCCIADO/download?apikey=c96ea8d0-efe1-48bb-b123-bad6404dce85;280;http://data.bioontology.org/ontologies/MOOCCIADO/download?apikey=c96ea8d0-efe1-48bb-b123-bad6404dce85
http://data.bioontology.org/ontologies/PHENOMEBLAST/download?apikey=c96ea8d0-efe1-48bb-b123-bad6404dce85;502;http://data.bioontology.org/ontologies/PHENOMEBLAST/download?apikey=c96ea8d0-efe1-48bb-b123-bad6404dce85
http://data.bioontology.org/ontologies/BP-METADATA/download?apikey=c96ea8d0-efe1-48bb-b123-bad6404dce85;3148;Could not load imported ontology: <http://protege.stanford.edu/ontologies/mappings/mappings.rdfs> Cause: http://protege.stanford.edu/ontologies/mappings/mappings.rdfs
http://data.bioontology.org/ontologies/APAONTO/download?apikey=c96ea8d0-efe1-48bb-b123-bad6404dce85;37591;Anonymous ontologies are not compatible with OWLtoSQL.
http://data.bioontology.org/ontologies/TRANS/download?apikey=c96ea8d0-efe1-48bb-b123-bad6404dce85;1883;Anonymous ontologies are not compatible with OWLtoSQL.
http://data.bioontology.org/ontologies/PTO/download?apikey=c96ea8d0-efe1-48bb-b123-bad6404dce85;7983;Server returned HTTP response code: 400 for URL: http://data.bioontology.org/ontologies/PTO/download?apikey=c96ea8d0-efe1-48bb-b123-bad6404dce85
http://data.bioontology.org/ontologies/GTO_TESTING/download?apikey=c96ea8d0-efe1-48bb-b123-bad6404dce85;242;http://data.bioontology.org/ontologies/GTO_TESTING/download?apikey=c96ea8d0-efe1-48bb-b123-bad6404dce85
http://data.bioontology.org/ontologies/COGPO/download?apikey=c96ea8d0-efe1-48bb-b123-bad6404dce85;2831;Could not load imported ontology: <http://purl.obolibrary.org/obo/iao/dev/iao-main.owl> Cause: Could not load imported ontology: <http://purl.obolibrary.org/obo/ro/releases/2015-02-11/core.owl> Cause: https://raw.githubusercontent.com/oborel/obo-relations/v2015-02-11/core.owl
http://data.bioontology.org/ontologies/AAO/download?apikey=c96ea8d0-efe1-48bb-b123-bad6404dce85;401;http://data.bioontology.org/ontologies/AAO/download?apikey=c96ea8d0-efe1-48bb-b123-bad6404dce85
http://data.bioontology.org/ontologies/CANONT/download?apikey=c96ea8d0-efe1-48bb-b123-bad6404dce85;2521;Server returned HTTP response code: 400 for URL: http://data.bioontology.org/ontologies/CANONT/download?apikey=c96ea8d0-efe1-48bb-b123-bad6404dce85
http://data.bioontology.org/ontologies/EFO/download?apikey=c96ea8d0-efe1-48bb-b123-bad6404dce85;3097;Ontology already exists. OntologyID(OntologyIRI(<http://www.ebi.ac.uk/efo/efo.owl>))
http://data.bioontology.org/ontologies/RB/download?apikey=c96ea8d0-efe1-48bb-b123-bad6404dce85;505;Could not load imported ontology: <http://regenbase.org/ontologies/regenbase_metadata.owl> Cause: http://regenbase.org/ontologies/regenbase_metadata.owl
http://data.bioontology.org/ontologies/APADISORDERS/download?apikey=c96ea8d0-efe1-48bb-b123-bad6404dce85;2565;Could not load imported ontology: <http://alexandergarcia.name/ontos/disorders/DisorderCharacteristics.owl> Cause: Server returned HTTP response code: 403 for URL: http://www.alexandergarcia.name/ontos/disorders/DisorderCharacteristics.owl
http://data.bioontology.org/ontologies/PEO/download?apikey=c96ea8d0-efe1-48bb-b123-bad6404dce85;968;Could not load imported ontology: <http://knoesis.wright.edu/provenir/provenir.owl> Cause: http://knoesis.wright.edu/provenir/provenir.owl
http://data.bioontology.org/ontologies/GTO/download?apikey=c96ea8d0-efe1-48bb-b123-bad6404dce85;209;http://data.bioontology.org/ontologies/GTO/download?apikey=c96ea8d0-efe1-48bb-b123-bad6404dce85
http://data.bioontology.org/ontologies/VARIO/download?apikey=c96ea8d0-efe1-48bb-b123-bad6404dce85;3080;Server returned HTTP response code: 400 for URL: http://data.bioontology.org/ontologies/VARIO/download?apikey=c96ea8d0-efe1-48bb-b123-bad6404dce85
http://data.bioontology.org/ontologies/OGMD/download?apikey=c96ea8d0-efe1-48bb-b123-bad6404dce85;2381;Server returned HTTP response code: 400 for URL: http://data.bioontology.org/ontologies/OGMD/download?apikey=c96ea8d0-efe1-48bb-b123-bad6404dce85
http://data.bioontology.org/ontologies/LEGALAPATEST2/download?apikey=c96ea8d0-efe1-48bb-b123-bad6404dce85;1236;Could not load imported ontology: <http://alexandergarcia.name/ontos/legal/Adjudication_cluster.owl> Cause: Server returned HTTP response code: 403 for URL: http://www.alexandergarcia.name/ontos/legal/Adjudication_cluster.owl
http://data.bioontology.org/ontologies/PHMAMMADO/download?apikey=c96ea8d0-efe1-48bb-b123-bad6404dce85;270;http://data.bioontology.org/ontologies/PHMAMMADO/download?apikey=c96ea8d0-efe1-48bb-b123-bad6404dce85
http://data.bioontology.org/ontologies/GLYCO/download?apikey=c96ea8d0-efe1-48bb-b123-bad6404dce85;11692;Could not load imported ontology: <http://purl.org/obo/owl/ro> Cause: http://www.obofoundry.org/ro/ro.owl
http://data.bioontology.org/ontologies/RCTONT/download?apikey=c96ea8d0-efe1-48bb-b123-bad6404dce85;4960;Could not load imported ontology: <http://www.owl-ontologies.com/assert.owl> Cause: Problem parsing http://www.owl-ontologies.com/assert.owl Could not parse ontology.  Either a suitable parser could not be found, or parsing failed.
http://data.bioontology.org/ontologies/PAE/download?apikey=c96ea8d0-efe1-48bb-b123-bad6404dce85;6564;Server returned HTTP response code: 400 for URL: http://data.bioontology.org/ontologies/PAE/download?apikey=c96ea8d0-efe1-48bb-b123-bad6404dce85
http://data.bioontology.org/ontologies/HIV/download?apikey=c96ea8d0-efe1-48bb-b123-bad6404dce85;404;http://data.bioontology.org/ontologies/HIV/download?apikey=c96ea8d0-efe1-48bb-b123-bad6404dce85
http://data.bioontology.org/ontologies/APASTATISTICAL/download?apikey=c96ea8d0-efe1-48bb-b123-bad6404dce85;1282;Could not load imported ontology: <http://alexandergarcia.name/ontos/statistical/StatisticalReliabilityValidity.owl> Cause: Server returned HTTP response code: 403 for URL: http://www.alexandergarcia.name/ontos/statistical/StatisticalReliabilityValidity.owl
http://data.bioontology.org/ontologies/SPD/download?apikey=c96ea8d0-efe1-48bb-b123-bad6404dce85;2722;Server returned HTTP response code: 400 for URL: http://data.bioontology.org/ontologies/SPD/download?apikey=c96ea8d0-efe1-48bb-b123-bad6404dce85
http://data.bioontology.org/ontologies/OMRSE/download?apikey=c96ea8d0-efe1-48bb-b123-bad6404dce85;8113;Could not load imported ontology: <http://purl.obofoundry.org/obo/iao/d-acts/20150916/d-acts.owl> Cause: Could not load imported ontology: <http://purl.obolibrary.org/obo/iao/pno/bfo2/pno.owl> Cause: Could not load imported ontology: <http://purl.obolibrary.org/obo/ro/releases/2015-02-11/core.owl> Cause: https://raw.githubusercontent.com/oborel/obo-relations/v2015-02-11/core.owl
http://data.bioontology.org/ontologies/TRAK/download?apikey=c96ea8d0-efe1-48bb-b123-bad6404dce85;4202;Server returned HTTP response code: 400 for URL: http://data.bioontology.org/ontologies/TRAK/download?apikey=c96ea8d0-efe1-48bb-b123-bad6404dce85
http://data.bioontology.org/ontologies/DDI/download?apikey=c96ea8d0-efe1-48bb-b123-bad6404dce85;4186;Could not load imported ontology: <http://www.obofoundry.org/ro/ro.owl> Cause: http://www.obofoundry.org/ro/ro.owl
http://data.bioontology.org/ontologies/MEDDRA/download?apikey=c96ea8d0-efe1-48bb-b123-bad6404dce85;605;Server returned HTTP response code: 403 for URL: http://data.bioontology.org/ontologies/MEDDRA/download?apikey=c96ea8d0-efe1-48bb-b123-bad6404dce85
http://data.bioontology.org/ontologies/GMM/download?apikey=c96ea8d0-efe1-48bb-b123-bad6404dce85;1429;Anonymous ontologies are not compatible with OWLtoSQL.
http://data.bioontology.org/ontologies/REX/download?apikey=c96ea8d0-efe1-48bb-b123-bad6404dce85;4407;Server returned HTTP response code: 400 for URL: http://data.bioontology.org/ontologies/REX/download?apikey=c96ea8d0-efe1-48bb-b123-bad6404dce85
http://data.bioontology.org/ontologies/FALL/download?apikey=c96ea8d0-efe1-48bb-b123-bad6404dce85;985;Could not load imported ontology: <http://www.semanticweb.org/abed/ontologies/2015/1/untitled-ontology-336> Cause: http://semanticweb.org/abed/ontologies/2015/1/untitled-ontology-336
http://data.bioontology.org/ontologies/TGMA/download?apikey=c96ea8d0-efe1-48bb-b123-bad6404dce85;7187;Server returned HTTP response code: 400 for URL: http://data.bioontology.org/ontologies/TGMA/download?apikey=c96ea8d0-efe1-48bb-b123-bad6404dce85
http://data.bioontology.org/ontologies/PHFUMIADO/download?apikey=c96ea8d0-efe1-48bb-b123-bad6404dce85;429;http://data.bioontology.org/ontologies/PHFUMIADO/download?apikey=c96ea8d0-efe1-48bb-b123-bad6404dce85
http://data.bioontology.org/ontologies/IXNO/download?apikey=c96ea8d0-efe1-48bb-b123-bad6404dce85;2674;Server returned HTTP response code: 400 for URL: http://data.bioontology.org/ontologies/IXNO/download?apikey=c96ea8d0-efe1-48bb-b123-bad6404dce85
http://data.bioontology.org/ontologies/NDDF/download?apikey=c96ea8d0-efe1-48bb-b123-bad6404dce85;210;Server returned HTTP response code: 403 for URL: http://data.bioontology.org/ontologies/NDDF/download?apikey=c96ea8d0-efe1-48bb-b123-bad6404dce85
http://data.bioontology.org/ontologies/FLU/download?apikey=c96ea8d0-efe1-48bb-b123-bad6404dce85;7178;Could not load imported ontology: <http://purl.obolibrary.org/obo/iao/iao-main.owl> Cause: Could not load imported ontology: <http://www.obofoundry.org/ro/ro.owl> Cause: http://www.obofoundry.org/ro/ro.owl
http://data.bioontology.org/ontologies/HAROREADO/download?apikey=c96ea8d0-efe1-48bb-b123-bad6404dce85;238;http://data.bioontology.org/ontologies/HAROREADO/download?apikey=c96ea8d0-efe1-48bb-b123-bad6404dce85
http://data.bioontology.org/ontologies/ICNP/download?apikey=c96ea8d0-efe1-48bb-b123-bad6404dce85;407;Server returned HTTP response code: 403 for URL: http://data.bioontology.org/ontologies/ICNP/download?apikey=c96ea8d0-efe1-48bb-b123-bad6404dce85
http://data.bioontology.org/ontologies/PR/download?apikey=c96ea8d0-efe1-48bb-b123-bad6404dce85;126138;Server returned HTTP response code: 400 for URL: http://data.bioontology.org/ontologies/PR/download?apikey=c96ea8d0-efe1-48bb-b123-bad6404dce85
http://data.bioontology.org/ontologies/IGTO/download?apikey=c96ea8d0-efe1-48bb-b123-bad6404dce85;458;http://data.bioontology.org/ontologies/IGTO/download?apikey=c96ea8d0-efe1-48bb-b123-bad6404dce85
http://data.bioontology.org/ontologies/CISAVIADO/download?apikey=c96ea8d0-efe1-48bb-b123-bad6404dce85;647;http://data.bioontology.org/ontologies/CISAVIADO/download?apikey=c96ea8d0-efe1-48bb-b123-bad6404dce85
http://data.bioontology.org/ontologies/MAT/download?apikey=c96ea8d0-efe1-48bb-b123-bad6404dce85;2713;Server returned HTTP response code: 400 for URL: http://data.bioontology.org/ontologies/MAT/download?apikey=c96ea8d0-efe1-48bb-b123-bad6404dce85
http://data.bioontology.org/ontologies/CHEBI/download?apikey=c96ea8d0-efe1-48bb-b123-bad6404dce85;313609;Server returned HTTP response code: 400 for URL: http://data.bioontology.org/ontologies/CHEBI/download?apikey=c96ea8d0-efe1-48bb-b123-bad6404dce85
http://data.bioontology.org/ontologies/FAO/download?apikey=c96ea8d0-efe1-48bb-b123-bad6404dce85;3782;Server returned HTTP response code: 400 for URL: http://data.bioontology.org/ontologies/FAO/download?apikey=c96ea8d0-efe1-48bb-b123-bad6404dce85
http://data.bioontology.org/ontologies/RNRMU/download?apikey=c96ea8d0-efe1-48bb-b123-bad6404dce85;2920;Anonymous ontologies are not compatible with OWLtoSQL.
http://data.bioontology.org/ontologies/MMO/download?apikey=c96ea8d0-efe1-48bb-b123-bad6404dce85;6270;Server returned HTTP response code: 400 for URL: http://data.bioontology.org/ontologies/MMO/download?apikey=c96ea8d0-efe1-48bb-b123-bad6404dce85
http://data.bioontology.org/ontologies/TADS/download?apikey=c96ea8d0-efe1-48bb-b123-bad6404dce85;2793;Server returned HTTP response code: 400 for URL: http://data.bioontology.org/ontologies/TADS/download?apikey=c96ea8d0-efe1-48bb-b123-bad6404dce85
http://data.bioontology.org/ontologies/XAO/download?apikey=c96ea8d0-efe1-48bb-b123-bad6404dce85;5851;Server returned HTTP response code: 400 for URL: http://data.bioontology.org/ontologies/XAO/download?apikey=c96ea8d0-efe1-48bb-b123-bad6404dce85
http://data.bioontology.org/ontologies/WB-PHENOTYPE/download?apikey=c96ea8d0-efe1-48bb-b123-bad6404dce85;9331;Server returned HTTP response code: 400 for URL: http://data.bioontology.org/ontologies/WB-PHENOTYPE/download?apikey=c96ea8d0-efe1-48bb-b123-bad6404dce85
http://data.bioontology.org/ontologies/GEXO/download?apikey=c96ea8d0-efe1-48bb-b123-bad6404dce85;111530;Server returned HTTP response code: 400 for URL: http://data.bioontology.org/ontologies/GEXO/download?apikey=c96ea8d0-efe1-48bb-b123-bad6404dce85
http://data.bioontology.org/ontologies/CNO/download?apikey=c96ea8d0-efe1-48bb-b123-bad6404dce85;5416;Could not load imported ontology: <http://purl.org/obo/owl/ro> Cause: http://www.obofoundry.org/ro/ro.owl
http://data.bioontology.org/ontologies/FBbi/download?apikey=c96ea8d0-efe1-48bb-b123-bad6404dce85;2678;Server returned HTTP response code: 400 for URL: http://data.bioontology.org/ontologies/FBbi/download?apikey=c96ea8d0-efe1-48bb-b123-bad6404dce85
http://data.bioontology.org/ontologies/RS/download?apikey=c96ea8d0-efe1-48bb-b123-bad6404dce85;4720;Server returned HTTP response code: 400 for URL: http://data.bioontology.org/ontologies/RS/download?apikey=c96ea8d0-efe1-48bb-b123-bad6404dce85
http://data.bioontology.org/ontologies/DOID/download?apikey=c96ea8d0-efe1-48bb-b123-bad6404dce85;22039;Server returned HTTP response code: 400 for URL: http://data.bioontology.org/ontologies/DOID/download?apikey=c96ea8d0-efe1-48bb-b123-bad6404dce85
http://data.bioontology.org/ontologies/EHDA/download?apikey=c96ea8d0-efe1-48bb-b123-bad6404dce85;6877;Server returned HTTP response code: 400 for URL: http://data.bioontology.org/ontologies/EHDA/download?apikey=c96ea8d0-efe1-48bb-b123-bad6404dce85
http://data.bioontology.org/ontologies/CHD/download?apikey=c96ea8d0-efe1-48bb-b123-bad6404dce85;4920;Anonymous ontologies are not compatible with OWLtoSQL.
http://data.bioontology.org/ontologies/MIXSCV/download?apikey=c96ea8d0-efe1-48bb-b123-bad6404dce85;2429;Server returned HTTP response code: 400 for URL: http://data.bioontology.org/ontologies/MIXSCV/download?apikey=c96ea8d0-efe1-48bb-b123-bad6404dce85
http://data.bioontology.org/ontologies/OAE/download?apikey=c96ea8d0-efe1-48bb-b123-bad6404dce85;105635;Could not load imported ontology: <http://purl.obolibrary.org/obo/oae/RO_dev_import> Cause: http://svn.code.sf.net/p/oae/code/trunk/src/ontology/RO_dev_import
http://data.bioontology.org/ontologies/ICPC2P/download?apikey=c96ea8d0-efe1-48bb-b123-bad6404dce85;461;Server returned HTTP response code: 403 for URL: http://data.bioontology.org/ontologies/ICPC2P/download?apikey=c96ea8d0-efe1-48bb-b123-bad6404dce85
http://data.bioontology.org/ontologies/PHARMGKB/download?apikey=c96ea8d0-efe1-48bb-b123-bad6404dce85;227;http://data.bioontology.org/ontologies/PHARMGKB/download?apikey=c96ea8d0-efe1-48bb-b123-bad6404dce85
http://data.bioontology.org/ontologies/APAEDUCLUSTER/download?apikey=c96ea8d0-efe1-48bb-b123-bad6404dce85;3401;Could not load imported ontology: <http://alexandergarcia.name/ontos/educational/SchoolsInstitutions.owl> Cause: Server returned HTTP response code: 403 for URL: http://www.alexandergarcia.name/ontos/educational/SchoolsInstitutions.owl
http://data.bioontology.org/ontologies/XEO/download?apikey=c96ea8d0-efe1-48bb-b123-bad6404dce85;2945;Server returned HTTP response code: 400 for URL: http://data.bioontology.org/ontologies/XEO/download?apikey=c96ea8d0-efe1-48bb-b123-bad6404dce85
http://data.bioontology.org/ontologies/RH-MESH/download?apikey=c96ea8d0-efe1-48bb-b123-bad6404dce85;545502;Server returned HTTP response code: 400 for URL: http://data.bioontology.org/ontologies/RH-MESH/download?apikey=c96ea8d0-efe1-48bb-b123-bad6404dce85
http://data.bioontology.org/ontologies/TRON/download?apikey=c96ea8d0-efe1-48bb-b123-bad6404dce85;5626;Server returned HTTP response code: 400 for URL: http://data.bioontology.org/ontologies/TRON/download?apikey=c96ea8d0-efe1-48bb-b123-bad6404dce85
http://data.bioontology.org/ontologies/GRO-CPGA/download?apikey=c96ea8d0-efe1-48bb-b123-bad6404dce85;7241;Server returned HTTP response code: 400 for URL: http://data.bioontology.org/ontologies/GRO-CPGA/download?apikey=c96ea8d0-efe1-48bb-b123-bad6404dce85
http://data.bioontology.org/ontologies/HUGO/download?apikey=c96ea8d0-efe1-48bb-b123-bad6404dce85;166825;Server returned HTTP response code: 400 for URL: http://data.bioontology.org/ontologies/HUGO/download?apikey=c96ea8d0-efe1-48bb-b123-bad6404dce85
http://data.bioontology.org/ontologies/SPTO/download?apikey=c96ea8d0-efe1-48bb-b123-bad6404dce85;3166;Server returned HTTP response code: 400 for URL: http://data.bioontology.org/ontologies/SPTO/download?apikey=c96ea8d0-efe1-48bb-b123-bad6404dce85
http://data.bioontology.org/ontologies/WHO-ART/download?apikey=c96ea8d0-efe1-48bb-b123-bad6404dce85;207;Server returned HTTP response code: 403 for URL: http://data.bioontology.org/ontologies/WHO-ART/download?apikey=c96ea8d0-efe1-48bb-b123-bad6404dce85
http://data.bioontology.org/ontologies/MP/download?apikey=c96ea8d0-efe1-48bb-b123-bad6404dce85;18314;Server returned HTTP response code: 400 for URL: http://data.bioontology.org/ontologies/MP/download?apikey=c96ea8d0-efe1-48bb-b123-bad6404dce85
http://data.bioontology.org/ontologies/NCIT/download?apikey=c96ea8d0-efe1-48bb-b123-bad6404dce85;971805;Lexical error at line 702420, column 23.  Encountered: <EOF> after : 
http://data.bioontology.org/ontologies/SURGICAL/download?apikey=c96ea8d0-efe1-48bb-b123-bad6404dce85;1304;Anonymous ontologies are not compatible with OWLtoSQL.
http://data.bioontology.org/ontologies/MDDB/download?apikey=c96ea8d0-efe1-48bb-b123-bad6404dce85;288;Server returned HTTP response code: 403 for URL: http://data.bioontology.org/ontologies/MDDB/download?apikey=c96ea8d0-efe1-48bb-b123-bad6404dce85
http://data.bioontology.org/ontologies/LPT/download?apikey=c96ea8d0-efe1-48bb-b123-bad6404dce85;6016;Server returned HTTP response code: 400 for URL: http://data.bioontology.org/ontologies/LPT/download?apikey=c96ea8d0-efe1-48bb-b123-bad6404dce85
http://data.bioontology.org/ontologies/BCTTV1/download?apikey=c96ea8d0-efe1-48bb-b123-bad6404dce85;290;http://data.bioontology.org/ontologies/BCTTV1/download?apikey=c96ea8d0-efe1-48bb-b123-bad6404dce85
http://data.bioontology.org/ontologies/NONRCTO/download?apikey=c96ea8d0-efe1-48bb-b123-bad6404dce85;5366;Could not load imported ontology: <http://www.owl-ontologies.com/assert.owl> Cause: Problem parsing http://www.owl-ontologies.com/assert.owl Could not parse ontology.  Either a suitable parser could not be found, or parsing failed.
http://data.bioontology.org/ontologies/OntoVIP/download?apikey=c96ea8d0-efe1-48bb-b123-bad6404dce85;3323;Could not load imported ontology: <http://vip.creatis.insa-lyon.fr/ontovip/v1.0/vip-simulation.owl> Cause: http://vip.creatis.insa-lyon.fr/ontovip/v1.0/vip-simulation.owl
http://data.bioontology.org/ontologies/REXO/download?apikey=c96ea8d0-efe1-48bb-b123-bad6404dce85;131152;Server returned HTTP response code: 400 for URL: http://data.bioontology.org/ontologies/REXO/download?apikey=c96ea8d0-efe1-48bb-b123-bad6404dce85
http://data.bioontology.org/ontologies/BCTEO/download?apikey=c96ea8d0-efe1-48bb-b123-bad6404dce85;3729;Server returned HTTP response code: 400 for URL: http://data.bioontology.org/ontologies/BCTEO/download?apikey=c96ea8d0-efe1-48bb-b123-bad6404dce85
http://data.bioontology.org/ontologies/LOINC/download?apikey=c96ea8d0-efe1-48bb-b123-bad6404dce85;90525;Server returned HTTP response code: 504 for URL: http://data.bioontology.org/ontologies/LOINC/download?apikey=c96ea8d0-efe1-48bb-b123-bad6404dce85
http://data.bioontology.org/ontologies/pseudo/download?apikey=c96ea8d0-efe1-48bb-b123-bad6404dce85;1975;Server returned HTTP response code: 400 for URL: http://data.bioontology.org/ontologies/pseudo/download?apikey=c96ea8d0-efe1-48bb-b123-bad6404dce85
http://data.bioontology.org/ontologies/MPATH/download?apikey=c96ea8d0-efe1-48bb-b123-bad6404dce85;4254;Server returned HTTP response code: 400 for URL: http://data.bioontology.org/ontologies/MPATH/download?apikey=c96ea8d0-efe1-48bb-b123-bad6404dce85
http://data.bioontology.org/ontologies/IMMDIS/download?apikey=c96ea8d0-efe1-48bb-b123-bad6404dce85;531;http://data.bioontology.org/ontologies/IMMDIS/download?apikey=c96ea8d0-efe1-48bb-b123-bad6404dce85
http://data.bioontology.org/ontologies/MESH/download?apikey=c96ea8d0-efe1-48bb-b123-bad6404dce85;253645;Problem parsing http://data.bioontology.org/ontologies/MESH/download?apikey=c96ea8d0-efe1-48bb-b123-bad6404dce85 Could not parse ontology.  Either a suitable parser could not be found, or parsing failed.
http://data.bioontology.org/ontologies/VO/download?apikey=c96ea8d0-efe1-48bb-b123-bad6404dce85;17830;Could not load imported ontology: <http://purl.obolibrary.org/obo/vo/external/RO_dev_import.owl> Cause: http://svn.code.sf.net/p/vaccineontology/code/trunk/src/ontology/RO_dev_import.owl
http://data.bioontology.org/ontologies/CLO/download?apikey=c96ea8d0-efe1-48bb-b123-bad6404dce85;4308;Could not load imported ontology: <http://purl.obolibrary.org/obo/clo/BFO_import.owl> Cause: http://www.berkeleybop.org/ontologies/clo/BFO_import.owl
http://data.bioontology.org/ontologies/ZFA/download?apikey=c96ea8d0-efe1-48bb-b123-bad6404dce85;6816;Server returned HTTP response code: 400 for URL: http://data.bioontology.org/ontologies/ZFA/download?apikey=c96ea8d0-efe1-48bb-b123-bad6404dce85
http://data.bioontology.org/ontologies/FIX/download?apikey=c96ea8d0-efe1-48bb-b123-bad6404dce85;3084;Server returned HTTP response code: 400 for URL: http://data.bioontology.org/ontologies/FIX/download?apikey=c96ea8d0-efe1-48bb-b123-bad6404dce85
http://data.bioontology.org/ontologies/FB-DV/download?apikey=c96ea8d0-efe1-48bb-b123-bad6404dce85;3648;Server returned HTTP response code: 400 for URL: http://data.bioontology.org/ontologies/FB-DV/download?apikey=c96ea8d0-efe1-48bb-b123-bad6404dce85
http://data.bioontology.org/ontologies/ICD10PCS/download?apikey=c96ea8d0-efe1-48bb-b123-bad6404dce85;372202;Server returned HTTP response code: 400 for URL: http://data.bioontology.org/ontologies/ICD10PCS/download?apikey=c96ea8d0-efe1-48bb-b123-bad6404dce85
http://data.bioontology.org/ontologies/PSDS/download?apikey=c96ea8d0-efe1-48bb-b123-bad6404dce85;6738;Server returned HTTP response code: 400 for URL: http://data.bioontology.org/ontologies/PSDS/download?apikey=c96ea8d0-efe1-48bb-b123-bad6404dce85
http://data.bioontology.org/ontologies/LIPRO/download?apikey=c96ea8d0-efe1-48bb-b123-bad6404dce85;1245;Could not load imported ontology: <http://unbsj.biordf.net/lipids/lipid-maps-ontology.owl> Cause: http://unbsj.biordf.net/lipids/lipid-maps-ontology.owl
http://data.bioontology.org/ontologies/CMO/download?apikey=c96ea8d0-efe1-48bb-b123-bad6404dce85;7462;Server returned HTTP response code: 400 for URL: http://data.bioontology.org/ontologies/CMO/download?apikey=c96ea8d0-efe1-48bb-b123-bad6404dce85
http://data.bioontology.org/ontologies/OVAE/download?apikey=c96ea8d0-efe1-48bb-b123-bad6404dce85;11616;Could not load imported ontology: <http://purl.obolibrary.org/obo/ovae/OAE_import.owl> Cause: http://www.berkeleybop.org/ontologies/ovae/OAE_import.owl
http://data.bioontology.org/ontologies/ICD10/download?apikey=c96ea8d0-efe1-48bb-b123-bad6404dce85;257;Server returned HTTP response code: 403 for URL: http://data.bioontology.org/ontologies/ICD10/download?apikey=c96ea8d0-efe1-48bb-b123-bad6404dce85
http://data.bioontology.org/ontologies/ENVO/download?apikey=c96ea8d0-efe1-48bb-b123-bad6404dce85;6301;Server returned HTTP response code: 400 for URL: http://data.bioontology.org/ontologies/ENVO/download?apikey=c96ea8d0-efe1-48bb-b123-bad6404dce85
http://data.bioontology.org/ontologies/RXNORM/download?apikey=c96ea8d0-efe1-48bb-b123-bad6404dce85;880857;Server returned HTTP response code: 400 for URL: http://data.bioontology.org/ontologies/RXNORM/download?apikey=c96ea8d0-efe1-48bb-b123-bad6404dce85
http://data.bioontology.org/ontologies/BTO/download?apikey=c96ea8d0-efe1-48bb-b123-bad6404dce85;9685;Server returned HTTP response code: 400 for URL: http://data.bioontology.org/ontologies/BTO/download?apikey=c96ea8d0-efe1-48bb-b123-bad6404dce85
http://data.bioontology.org/ontologies/GRO/download?apikey=c96ea8d0-efe1-48bb-b123-bad6404dce85;5305;Server returned HTTP response code: 400 for URL: http://data.bioontology.org/ontologies/GRO/download?apikey=c96ea8d0-efe1-48bb-b123-bad6404dce85
http://data.bioontology.org/ontologies/HAAURAADO/download?apikey=c96ea8d0-efe1-48bb-b123-bad6404dce85;451;http://data.bioontology.org/ontologies/HAAURAADO/download?apikey=c96ea8d0-efe1-48bb-b123-bad6404dce85
http://data.bioontology.org/ontologies/CIINTEADO/download?apikey=c96ea8d0-efe1-48bb-b123-bad6404dce85;463;http://data.bioontology.org/ontologies/CIINTEADO/download?apikey=c96ea8d0-efe1-48bb-b123-bad6404dce85
http://data.bioontology.org/ontologies/IDOMAL/download?apikey=c96ea8d0-efe1-48bb-b123-bad6404dce85;6986;Server returned HTTP response code: 400 for URL: http://data.bioontology.org/ontologies/IDOMAL/download?apikey=c96ea8d0-efe1-48bb-b123-bad6404dce85
http://data.bioontology.org/ontologies/TTO/download?apikey=c96ea8d0-efe1-48bb-b123-bad6404dce85;29024;Server returned HTTP response code: 400 for URL: http://data.bioontology.org/ontologies/TTO/download?apikey=c96ea8d0-efe1-48bb-b123-bad6404dce85
http://data.bioontology.org/ontologies/HINO/download?apikey=c96ea8d0-efe1-48bb-b123-bad6404dce85;41378;Connection reset
http://data.bioontology.org/ontologies/VHOG/download?apikey=c96ea8d0-efe1-48bb-b123-bad6404dce85;4382;Server returned HTTP response code: 400 for URL: http://data.bioontology.org/ontologies/VHOG/download?apikey=c96ea8d0-efe1-48bb-b123-bad6404dce85
http://data.bioontology.org/ontologies/WSIO/download?apikey=c96ea8d0-efe1-48bb-b123-bad6404dce85;3392;Server returned HTTP response code: 400 for URL: http://data.bioontology.org/ontologies/WSIO/download?apikey=c96ea8d0-efe1-48bb-b123-bad6404dce85
http://data.bioontology.org/ontologies/HRDO/download?apikey=c96ea8d0-efe1-48bb-b123-bad6404dce85;295138;Server returned HTTP response code: 400 for URL: http://data.bioontology.org/ontologies/HRDO/download?apikey=c96ea8d0-efe1-48bb-b123-bad6404dce85
http://data.bioontology.org/ontologies/PATO/download?apikey=c96ea8d0-efe1-48bb-b123-bad6404dce85;41227;Server returned HTTP response code: 400 for URL: http://data.bioontology.org/ontologies/PATO/download?apikey=c96ea8d0-efe1-48bb-b123-bad6404dce85
http://data.bioontology.org/ontologies/APO/download?apikey=c96ea8d0-efe1-48bb-b123-bad6404dce85;3715;Server returned HTTP response code: 400 for URL: http://data.bioontology.org/ontologies/APO/download?apikey=c96ea8d0-efe1-48bb-b123-bad6404dce85
http://data.bioontology.org/ontologies/NCBITAXON/download?apikey=c96ea8d0-efe1-48bb-b123-bad6404dce85;90412;Server returned HTTP response code: 504 for URL: http://data.bioontology.org/ontologies/NCBITAXON/download?apikey=c96ea8d0-efe1-48bb-b123-bad6404dce85
http://data.bioontology.org/ontologies/PPIO/download?apikey=c96ea8d0-efe1-48bb-b123-bad6404dce85;3504;Server returned HTTP response code: 400 for URL: http://data.bioontology.org/ontologies/PPIO/download?apikey=c96ea8d0-efe1-48bb-b123-bad6404dce85
http://data.bioontology.org/ontologies/BRCT/download?apikey=c96ea8d0-efe1-48bb-b123-bad6404dce85;4967;Could not load imported ontology: <http://www.semanticweb.org/latitude_user/ontologies/2014/8/untitled-ontology-7> Cause: http://semanticweb.org/latitude_user/ontologies/2014/8/untitled-ontology-7
http://data.bioontology.org/ontologies/SNOMEDCT/download?apikey=c96ea8d0-efe1-48bb-b123-bad6404dce85;272;Server returned HTTP response code: 403 for URL: http://data.bioontology.org/ontologies/SNOMEDCT/download?apikey=c96ea8d0-efe1-48bb-b123-bad6404dce85
http://data.bioontology.org/ontologies/NIFSTD/download?apikey=c96ea8d0-efe1-48bb-b123-bad6404dce85;8736;Could not load imported ontology: <http://ontology.neuinfo.org/NIF/Backend/NIF-Quality.owl> Cause: Could not load imported ontology: <http://ontology.neuinfo.org/NIF/DigitalEntities/NIF-Investigation.owl> Cause: Could not load imported ontology: <http://ontology.neuinfo.org/NIF/DigitalEntities/CogPO.owl> Cause: Could not load imported ontology: <http://purl.obolibrary.org/obo/iao/dev/iao-main.owl> Cause: Could not load imported ontology: <http://purl.obolibrary.org/obo/ro/releases/2015-02-11/core.owl> Cause: https://raw.githubusercontent.com/oborel/obo-relations/v2015-02-11/core.owl
http://data.bioontology.org/ontologies/SOY/download?apikey=c96ea8d0-efe1-48bb-b123-bad6404dce85;5938;Server returned HTTP response code: 400 for URL: http://data.bioontology.org/ontologies/SOY/download?apikey=c96ea8d0-efe1-48bb-b123-bad6404dce85
http://data.bioontology.org/ontologies/NEUMORE/download?apikey=c96ea8d0-efe1-48bb-b123-bad6404dce85;569;Could not load imported ontology: <http://www.semanticweb.org/ontologies/2010/2/MiRNA-Ontology.owl> Cause: http://semanticweb.org/ontologies/2010/2/MiRNA-Ontology.owl
http://data.bioontology.org/ontologies/MEGO/download?apikey=c96ea8d0-efe1-48bb-b123-bad6404dce85;3258;Server returned HTTP response code: 400 for URL: http://data.bioontology.org/ontologies/MEGO/download?apikey=c96ea8d0-efe1-48bb-b123-bad6404dce85
http://data.bioontology.org/ontologies/FB-SP/download?apikey=c96ea8d0-efe1-48bb-b123-bad6404dce85;6765;Server returned HTTP response code: 400 for URL: http://data.bioontology.org/ontologies/FB-SP/download?apikey=c96ea8d0-efe1-48bb-b123-bad6404dce85
http://data.bioontology.org/ontologies/IDQA/download?apikey=c96ea8d0-efe1-48bb-b123-bad6404dce85;2884;Server returned HTTP response code: 400 for URL: http://data.bioontology.org/ontologies/IDQA/download?apikey=c96ea8d0-efe1-48bb-b123-bad6404dce85
http://data.bioontology.org/ontologies/NHSQI2009/download?apikey=c96ea8d0-efe1-48bb-b123-bad6404dce85;270;http://data.bioontology.org/ontologies/NHSQI2009/download?apikey=c96ea8d0-efe1-48bb-b123-bad6404dce85
http://data.bioontology.org/ontologies/OGG/download?apikey=c96ea8d0-efe1-48bb-b123-bad6404dce85;36115;Could not load imported ontology: <http://purl.obolibrary.org/obo/ogg/NCBITaxon_import_selected_ori.owl> Cause: http://www.berkeleybop.org/ontologies/ogg/NCBITaxon_import_selected_ori.owl
http://data.bioontology.org/ontologies/SBO/download?apikey=c96ea8d0-efe1-48bb-b123-bad6404dce85;6547;Server returned HTTP response code: 400 for URL: http://data.bioontology.org/ontologies/SBO/download?apikey=c96ea8d0-efe1-48bb-b123-bad6404dce85
http://data.bioontology.org/ontologies/EHDAA/download?apikey=c96ea8d0-efe1-48bb-b123-bad6404dce85;5972;Server returned HTTP response code: 400 for URL: http://data.bioontology.org/ontologies/EHDAA/download?apikey=c96ea8d0-efe1-48bb-b123-bad6404dce85
http://data.bioontology.org/ontologies/CCO/download?apikey=c96ea8d0-efe1-48bb-b123-bad6404dce85;139440;Server returned HTTP response code: 400 for URL: http://data.bioontology.org/ontologies/CCO/download?apikey=c96ea8d0-efe1-48bb-b123-bad6404dce85
http://data.bioontology.org/ontologies/GAZ/download?apikey=c96ea8d0-efe1-48bb-b123-bad6404dce85;516333;Anonymous ontologies are not compatible with OWLtoSQL.
http://data.bioontology.org/ontologies/VT/download?apikey=c96ea8d0-efe1-48bb-b123-bad6404dce85;8810;Server returned HTTP response code: 400 for URL: http://data.bioontology.org/ontologies/VT/download?apikey=c96ea8d0-efe1-48bb-b123-bad6404dce85
http://data.bioontology.org/ontologies/ZEA/download?apikey=c96ea8d0-efe1-48bb-b123-bad6404dce85;3482;Server returned HTTP response code: 400 for URL: http://data.bioontology.org/ontologies/ZEA/download?apikey=c96ea8d0-efe1-48bb-b123-bad6404dce85
http://data.bioontology.org/ontologies/PLIO/download?apikey=c96ea8d0-efe1-48bb-b123-bad6404dce85;4971;Anonymous ontologies are not compatible with OWLtoSQL.
http://data.bioontology.org/ontologies/OGI/download?apikey=c96ea8d0-efe1-48bb-b123-bad6404dce85;4421;Could not load imported ontology: <http://purl.obolibrary.org/obo/ogi/CHEBI_import.owl> Cause: http://www.berkeleybop.org/ontologies/ogi/CHEBI_import.owl
http://data.bioontology.org/ontologies/CO/download?apikey=c96ea8d0-efe1-48bb-b123-bad6404dce85;527;http://data.bioontology.org/ontologies/CO/download?apikey=c96ea8d0-efe1-48bb-b123-bad6404dce85
http://data.bioontology.org/ontologies/PROVO/download?apikey=c96ea8d0-efe1-48bb-b123-bad6404dce85;20163;connect timed out
http://data.bioontology.org/ontologies/RCD/download?apikey=c96ea8d0-efe1-48bb-b123-bad6404dce85;450;Server returned HTTP response code: 403 for URL: http://data.bioontology.org/ontologies/RCD/download?apikey=c96ea8d0-efe1-48bb-b123-bad6404dce85
http://data.bioontology.org/ontologies/UO/download?apikey=c96ea8d0-efe1-48bb-b123-bad6404dce85;3919;Server returned HTTP response code: 400 for URL: http://data.bioontology.org/ontologies/UO/download?apikey=c96ea8d0-efe1-48bb-b123-bad6404dce85
http://data.bioontology.org/ontologies/BCGO/download?apikey=c96ea8d0-efe1-48bb-b123-bad6404dce85;14270;Could not load imported ontology: <http://www.owl-ontologies.com/2005/08/07/xsp.owl> Cause: Problem parsing http://www.owl-ontologies.com/2005/08/07/xsp.owl Could not parse ontology.  Either a suitable parser could not be found, or parsing failed.
http://data.bioontology.org/ontologies/IDOBRU/download?apikey=c96ea8d0-efe1-48bb-b123-bad6404dce85;394;http://data.bioontology.org/ontologies/IDOBRU/download?apikey=c96ea8d0-efe1-48bb-b123-bad6404dce85
http://data.bioontology.org/ontologies/ROLEO/download?apikey=c96ea8d0-efe1-48bb-b123-bad6404dce85;2530;Could not load imported ontology: <http://purl.obolibrary.org/obo/RoleO/external/bfo_import.owl> Cause: http://www.berkeleybop.org/ontologies/RoleO/external/bfo_import.owl
http://data.bioontology.org/ontologies/STY/download?apikey=c96ea8d0-efe1-48bb-b123-bad6404dce85;2323;Anonymous ontologies are not compatible with OWLtoSQL.
http://data.bioontology.org/ontologies/EMAP/download?apikey=c96ea8d0-efe1-48bb-b123-bad6404dce85;6141;Server returned HTTP response code: 400 for URL: http://data.bioontology.org/ontologies/EMAP/download?apikey=c96ea8d0-efe1-48bb-b123-bad6404dce85
http://data.bioontology.org/ontologies/MS/download?apikey=c96ea8d0-efe1-48bb-b123-bad6404dce85;6316;Server returned HTTP response code: 400 for URL: http://data.bioontology.org/ontologies/MS/download?apikey=c96ea8d0-efe1-48bb-b123-bad6404dce85
http://data.bioontology.org/ontologies/DIKB/download?apikey=c96ea8d0-efe1-48bb-b123-bad6404dce85;4307;Could not load imported ontology: <http://purl.org/mp/> Cause: http://purl.org/mp/
http://data.bioontology.org/ontologies/FYPO/download?apikey=c96ea8d0-efe1-48bb-b123-bad6404dce85;25828;Server returned HTTP response code: 400 for URL: http://data.bioontology.org/ontologies/FYPO/download?apikey=c96ea8d0-efe1-48bb-b123-bad6404dce85
http://data.bioontology.org/ontologies/VICO/download?apikey=c96ea8d0-efe1-48bb-b123-bad6404dce85;1080;Could not load imported ontology: <http://purl.obolibrary.org/obo/vico/ICO_import.owl.> Cause: http://www.berkeleybop.org/ontologies/vico/ICO_import.owl.
http://data.bioontology.org/ontologies/XCO/download?apikey=c96ea8d0-efe1-48bb-b123-bad6404dce85;4608;Server returned HTTP response code: 400 for URL: http://data.bioontology.org/ontologies/XCO/download?apikey=c96ea8d0-efe1-48bb-b123-bad6404dce85
http://data.bioontology.org/ontologies/WB-BT/download?apikey=c96ea8d0-efe1-48bb-b123-bad6404dce85;11731;Server returned HTTP response code: 400 for URL: http://data.bioontology.org/ontologies/WB-BT/download?apikey=c96ea8d0-efe1-48bb-b123-bad6404dce85
http://data.bioontology.org/ontologies/SBOL/download?apikey=c96ea8d0-efe1-48bb-b123-bad6404dce85;3050;Server returned HTTP response code: 400 for URL: http://data.bioontology.org/ontologies/SBOL/download?apikey=c96ea8d0-efe1-48bb-b123-bad6404dce85
http://data.bioontology.org/ontologies/PTRANS/download?apikey=c96ea8d0-efe1-48bb-b123-bad6404dce85;2603;Server returned HTTP response code: 400 for URL: http://data.bioontology.org/ontologies/PTRANS/download?apikey=c96ea8d0-efe1-48bb-b123-bad6404dce85
http://data.bioontology.org/ontologies/CARO/download?apikey=c96ea8d0-efe1-48bb-b123-bad6404dce85;2428;Server returned HTTP response code: 400 for URL: http://data.bioontology.org/ontologies/CARO/download?apikey=c96ea8d0-efe1-48bb-b123-bad6404dce85
http://data.bioontology.org/ontologies/NIGO/download?apikey=c96ea8d0-efe1-48bb-b123-bad6404dce85;10474;Server returned HTTP response code: 400 for URL: http://data.bioontology.org/ontologies/NIGO/download?apikey=c96ea8d0-efe1-48bb-b123-bad6404dce85
http://data.bioontology.org/ontologies/OBOE-SBC/download?apikey=c96ea8d0-efe1-48bb-b123-bad6404dce85;1940;Could not load imported ontology: <http://ecoinformatics.org/oboe/oboe.1.0/oboe-context.owl> Cause: http://ecoinformatics.org/oboe/oboe.1.0/oboe-context.owl
http://data.bioontology.org/ontologies/APACOMPUTER/download?apikey=c96ea8d0-efe1-48bb-b123-bad6404dce85;1731;Could not load imported ontology: <http://alexandergarcia.name/ontos/computer/EducationTraining.owl> Cause: Server returned HTTP response code: 403 for URL: http://www.alexandergarcia.name/ontos/computer/EducationTraining.owl
http://data.bioontology.org/ontologies/APATREATMENT/download?apikey=c96ea8d0-efe1-48bb-b123-bad6404dce85;1264;Could not load imported ontology: <http://alexandergarcia.name/ontos/treatment/BehaviorModificationTherapy.owl> Cause: Server returned HTTP response code: 403 for URL: http://www.alexandergarcia.name/ontos/treatment/BehaviorModificationTherapy.owl
http://data.bioontology.org/ontologies/BSAO/download?apikey=c96ea8d0-efe1-48bb-b123-bad6404dce85;3253;Server returned HTTP response code: 400 for URL: http://data.bioontology.org/ontologies/BSAO/download?apikey=c96ea8d0-efe1-48bb-b123-bad6404dce85
http://data.bioontology.org/ontologies/HC/download?apikey=c96ea8d0-efe1-48bb-b123-bad6404dce85;551;http://data.bioontology.org/ontologies/HC/download?apikey=c96ea8d0-efe1-48bb-b123-bad6404dce85
http://data.bioontology.org/ontologies/MSO/download?apikey=c96ea8d0-efe1-48bb-b123-bad6404dce85;3775;Could not load imported ontology: <http://scai.fraunhofer.de/NDDcommon> Cause: http://scai.fraunhofer.de/NDDcommon
http://data.bioontology.org/ontologies/ATO/download?apikey=c96ea8d0-efe1-48bb-b123-bad6404dce85;6591;Server returned HTTP response code: 400 for URL: http://data.bioontology.org/ontologies/ATO/download?apikey=c96ea8d0-efe1-48bb-b123-bad6404dce85
http://data.bioontology.org/ontologies/ACGT-MO/download?apikey=c96ea8d0-efe1-48bb-b123-bad6404dce85;1592;Could not load imported ontology: <http://www.ifomis.org/obo/ro/1.0> Cause: https://raw.githubusercontent.com/IFOMIS/BFO/master/ro.owl
http://data.bioontology.org/ontologies/MFO/download?apikey=c96ea8d0-efe1-48bb-b123-bad6404dce85;7094;Server returned HTTP response code: 400 for URL: http://data.bioontology.org/ontologies/MFO/download?apikey=c96ea8d0-efe1-48bb-b123-bad6404dce85
http://data.bioontology.org/ontologies/OGG-MM/download?apikey=c96ea8d0-efe1-48bb-b123-bad6404dce85;23786;Could not load imported ontology: <http://purl.obolibrary.org/obo/ogg/NCBITaxon_import_Mm.owl> Cause: http://www.berkeleybop.org/ontologies/ogg/NCBITaxon_import_Mm.owl
http://data.bioontology.org/ontologies/PTS/download?apikey=c96ea8d0-efe1-48bb-b123-bad6404dce85;13191;Could not load imported ontology: <http://scai.fraunhofer.de/tobeimported> Cause: http://scai.fraunhofer.de/tobeimported
http://data.bioontology.org/ontologies/ECO/download?apikey=c96ea8d0-efe1-48bb-b123-bad6404dce85;6405;Server returned HTTP response code: 400 for URL: http://data.bioontology.org/ontologies/ECO/download?apikey=c96ea8d0-efe1-48bb-b123-bad6404dce85
http://data.bioontology.org/ontologies/CPT/download?apikey=c96ea8d0-efe1-48bb-b123-bad6404dce85;230;Server returned HTTP response code: 403 for URL: http://data.bioontology.org/ontologies/CPT/download?apikey=c96ea8d0-efe1-48bb-b123-bad6404dce85
http://data.bioontology.org/ontologies/APATANDT/download?apikey=c96ea8d0-efe1-48bb-b123-bad6404dce85;1983;Could not load imported ontology: <http://alexandergarcia.name/ontos/teststesting/Testing.owl> Cause: Server returned HTTP response code: 403 for URL: http://www.alexandergarcia.name/ontos/teststesting/Testing.owl
http://data.bioontology.org/ontologies/LEGALAPA/download?apikey=c96ea8d0-efe1-48bb-b123-bad6404dce85;785;Could not load imported ontology: <file:/Users/olgagiraldo/Desktop/apaMasiveOUT/Adjudication_cluster.owl> Cause: \Users\olgagiraldo\Desktop\apaMasiveOUT\Adjudication_cluster.owl (The system cannot find the path specified)
http://data.bioontology.org/ontologies/SEP/download?apikey=c96ea8d0-efe1-48bb-b123-bad6404dce85;5630;Server returned HTTP response code: 400 for URL: http://data.bioontology.org/ontologies/SEP/download?apikey=c96ea8d0-efe1-48bb-b123-bad6404dce85
http://data.bioontology.org/ontologies/APAOCUEMPLOY/download?apikey=c96ea8d0-efe1-48bb-b123-bad6404dce85;1385;Could not load imported ontology: <http://alexandergarcia.name/ontos/ocupationalemployment/PersonnelManagementProfessionalPersonnelIssues.owl> Cause: Server returned HTTP response code: 403 for URL: http://www.alexandergarcia.name/ontos/ocupationalemployment/PersonnelManagementProfessionalPersonnelIssues.owl
http://data.bioontology.org/ontologies/EHDAA2/download?apikey=c96ea8d0-efe1-48bb-b123-bad6404dce85;6209;Server returned HTTP response code: 400 for URL: http://data.bioontology.org/ontologies/EHDAA2/download?apikey=c96ea8d0-efe1-48bb-b123-bad6404dce85
http://data.bioontology.org/ontologies/AEO/download?apikey=c96ea8d0-efe1-48bb-b123-bad6404dce85;3091;Server returned HTTP response code: 400 for URL: http://data.bioontology.org/ontologies/AEO/download?apikey=c96ea8d0-efe1-48bb-b123-bad6404dce85
http://data.bioontology.org/ontologies/RETO/download?apikey=c96ea8d0-efe1-48bb-b123-bad6404dce85;106366;Server returned HTTP response code: 400 for URL: http://data.bioontology.org/ontologies/RETO/download?apikey=c96ea8d0-efe1-48bb-b123-bad6404dce85
http://data.bioontology.org/ontologies/OPE/download?apikey=c96ea8d0-efe1-48bb-b123-bad6404dce85;17167;Could not load imported ontology: <http://www.owl-ontologies.com/Ontology1363168337.owl> Cause: Problem parsing http://www.owl-ontologies.com/Ontology1363168337.owl Could not parse ontology.  Either a suitable parser could not be found, or parsing failed.
http://data.bioontology.org/ontologies/PVONTO/download?apikey=c96ea8d0-efe1-48bb-b123-bad6404dce85;1132;Could not load imported ontology: <http://www.semanticweb.org/ontologies/2010/2/MiRNA-Ontology.owl> Cause: http://semanticweb.org/ontologies/2010/2/MiRNA-Ontology.owl
http://data.bioontology.org/ontologies/HP/download?apikey=c96ea8d0-efe1-48bb-b123-bad6404dce85;18138;Server returned HTTP response code: 400 for URL: http://data.bioontology.org/ontologies/HP/download?apikey=c96ea8d0-efe1-48bb-b123-bad6404dce85
http://data.bioontology.org/ontologies/PLOSTHES/download?apikey=c96ea8d0-efe1-48bb-b123-bad6404dce85;239;http://data.bioontology.org/ontologies/PLOSTHES/download?apikey=c96ea8d0-efe1-48bb-b123-bad6404dce85
http://data.bioontology.org/ontologies/RXNO/download?apikey=c96ea8d0-efe1-48bb-b123-bad6404dce85;10325;Server returned HTTP response code: 400 for URL: http://data.bioontology.org/ontologies/RXNO/download?apikey=c96ea8d0-efe1-48bb-b123-bad6404dce85
http://data.bioontology.org/ontologies/BSPO/download?apikey=c96ea8d0-efe1-48bb-b123-bad6404dce85;19984;Server returned HTTP response code: 400 for URL: http://data.bioontology.org/ontologies/BSPO/download?apikey=c96ea8d0-efe1-48bb-b123-bad6404dce85
http://data.bioontology.org/ontologies/MIRO/download?apikey=c96ea8d0-efe1-48bb-b123-bad6404dce85;18406;Server returned HTTP response code: 400 for URL: http://data.bioontology.org/ontologies/MIRO/download?apikey=c96ea8d0-efe1-48bb-b123-bad6404dce85
http://data.bioontology.org/ontologies/GRO-CPD/download?apikey=c96ea8d0-efe1-48bb-b123-bad6404dce85;3324;Server returned HTTP response code: 400 for URL: http://data.bioontology.org/ontologies/GRO-CPD/download?apikey=c96ea8d0-efe1-48bb-b123-bad6404dce85
http://data.bioontology.org/ontologies/CO-WHEAT/download?apikey=c96ea8d0-efe1-48bb-b123-bad6404dce85;2115;Server returned HTTP response code: 400 for URL: http://data.bioontology.org/ontologies/CO-WHEAT/download?apikey=c96ea8d0-efe1-48bb-b123-bad6404dce85
http://data.bioontology.org/ontologies/NIC/download?apikey=c96ea8d0-efe1-48bb-b123-bad6404dce85;319;Server returned HTTP response code: 403 for URL: http://data.bioontology.org/ontologies/NIC/download?apikey=c96ea8d0-efe1-48bb-b123-bad6404dce85
http://data.bioontology.org/ontologies/GMO/download?apikey=c96ea8d0-efe1-48bb-b123-bad6404dce85;36766;Could not load imported ontology: <http://mimi.case.edu/ontologies/2009/1/UnitsOntology> Cause: connect timed out
http://data.bioontology.org/ontologies/SNPO/download?apikey=c96ea8d0-efe1-48bb-b123-bad6404dce85;2455;Could not load imported ontology: <http://www.co-ode.org/ontologies/amino-acid/2005/10/11/amino-acid.owl> Cause: http://www.co-ode.org/ontologies/amino-acid/2005/10/11/amino-acid.owl
http://data.bioontology.org/ontologies/CTONT/download?apikey=c96ea8d0-efe1-48bb-b123-bad6404dce85;677;Could not load imported ontology: <http://epoch.stanford.edu/ProtocolOntology.owl> Cause: epoch.stanford.edu
http://data.bioontology.org/ontologies/FMA/download?apikey=c96ea8d0-efe1-48bb-b123-bad6404dce85;40852;Server returned HTTP response code: 400 for URL: http://data.bioontology.org/ontologies/FMA/download?apikey=c96ea8d0-efe1-48bb-b123-bad6404dce85
http://data.bioontology.org/ontologies/NMOSP/download?apikey=c96ea8d0-efe1-48bb-b123-bad6404dce85;3672;Server returned HTTP response code: 400 for URL: http://data.bioontology.org/ontologies/NMOSP/download?apikey=c96ea8d0-efe1-48bb-b123-bad6404dce85
http://data.bioontology.org/ontologies/EXO/download?apikey=c96ea8d0-efe1-48bb-b123-bad6404dce85;3328;Server returned HTTP response code: 400 for URL: http://data.bioontology.org/ontologies/EXO/download?apikey=c96ea8d0-efe1-48bb-b123-bad6404dce85
http://data.bioontology.org/ontologies/BAO/download?apikey=c96ea8d0-efe1-48bb-b123-bad6404dce85;26156;Connection reset
http://data.bioontology.org/ontologies/MA/download?apikey=c96ea8d0-efe1-48bb-b123-bad6404dce85;5647;Server returned HTTP response code: 400 for URL: http://data.bioontology.org/ontologies/MA/download?apikey=c96ea8d0-efe1-48bb-b123-bad6404dce85
http://data.bioontology.org/ontologies/MIM/download?apikey=c96ea8d0-efe1-48bb-b123-bad6404dce85;33055;Could not load imported ontology: <http://purl.bioontology.org/ontology/SBO/> Cause: Problem parsing http://purl.bioontology.org/ontology/SBO/ Could not parse ontology.  Either a suitable parser could not be found, or parsing failed.
http://data.bioontology.org/ontologies/CPRO/download?apikey=c96ea8d0-efe1-48bb-b123-bad6404dce85;2484;Could not load imported ontology: <http://purl.org/obo/owl/ro> Cause: http://www.obofoundry.org/ro/ro.owl
http://data.bioontology.org/ontologies/GO-PLUS/download?apikey=c96ea8d0-efe1-48bb-b123-bad6404dce85;94066;Connection reset
http://data.bioontology.org/ontologies/NIFCELL/download?apikey=c96ea8d0-efe1-48bb-b123-bad6404dce85;17386;Could not load imported ontology: <http://ontology.neuinfo.org/NIF/Backend/nif_backend.owl> Cause: Could not load imported ontology: <http://ontology.neuinfo.org/NIF/Backend/bfo.owl> Cause: Ontology already exists. OntologyID(OntologyIRI(<http://www.ifomis.org/bfo/1.1>))
http://data.bioontology.org/ontologies/MOOCULADO/download?apikey=c96ea8d0-efe1-48bb-b123-bad6404dce85;351;http://data.bioontology.org/ontologies/MOOCULADO/download?apikey=c96ea8d0-efe1-48bb-b123-bad6404dce85
http://data.bioontology.org/ontologies/EXACT/download?apikey=c96ea8d0-efe1-48bb-b123-bad6404dce85;2671;Could not load imported ontology: <http://ontofox.hegroup.org/ztx3ioxo.owl> Cause: http://ontofox.hegroup.org/ztx3ioxo.owl
http://data.bioontology.org/ontologies/TAO/download?apikey=c96ea8d0-efe1-48bb-b123-bad6404dce85;4994;Server returned HTTP response code: 400 for URL: http://data.bioontology.org/ontologies/TAO/download?apikey=c96ea8d0-efe1-48bb-b123-bad6404dce85
http://data.bioontology.org/ontologies/VSAO/download?apikey=c96ea8d0-efe1-48bb-b123-bad6404dce85;3811;Server returned HTTP response code: 400 for URL: http://data.bioontology.org/ontologies/VSAO/download?apikey=c96ea8d0-efe1-48bb-b123-bad6404dce85
http://data.bioontology.org/ontologies/WB-LS/download?apikey=c96ea8d0-efe1-48bb-b123-bad6404dce85;3161;Server returned HTTP response code: 400 for URL: http://data.bioontology.org/ontologies/WB-LS/download?apikey=c96ea8d0-efe1-48bb-b123-bad6404dce85
http://data.bioontology.org/ontologies/DCO/download?apikey=c96ea8d0-efe1-48bb-b123-bad6404dce85;458;http://data.bioontology.org/ontologies/DCO/download?apikey=c96ea8d0-efe1-48bb-b123-bad6404dce85
http://data.bioontology.org/ontologies/SOPHARM/download?apikey=c96ea8d0-efe1-48bb-b123-bad6404dce85;1429;Could not load imported ontology: <http://purl.org/obo/owl/OBO_REL> Cause: Ontology already exists. OntologyID(OntologyIRI(<http://purl.org/obo/owl/relationship>))
http://data.bioontology.org/ontologies/HOM/download?apikey=c96ea8d0-efe1-48bb-b123-bad6404dce85;3052;Server returned HTTP response code: 400 for URL: http://data.bioontology.org/ontologies/HOM/download?apikey=c96ea8d0-efe1-48bb-b123-bad6404dce85
http://data.bioontology.org/ontologies/NDFRT/download?apikey=c96ea8d0-efe1-48bb-b123-bad6404dce85;339;Server returned HTTP response code: 403 for URL: http://data.bioontology.org/ontologies/NDFRT/download?apikey=c96ea8d0-efe1-48bb-b123-bad6404dce85
http://data.bioontology.org/ontologies/CTO/download?apikey=c96ea8d0-efe1-48bb-b123-bad6404dce85;5355;Anonymous ontologies are not compatible with OWLtoSQL.
http://data.bioontology.org/ontologies/GO-EXT/download?apikey=c96ea8d0-efe1-48bb-b123-bad6404dce85;47814;Server returned HTTP response code: 400 for URL: http://data.bioontology.org/ontologies/GO-EXT/download?apikey=c96ea8d0-efe1-48bb-b123-bad6404dce85
http://data.bioontology.org/ontologies/QIBO/download?apikey=c96ea8d0-efe1-48bb-b123-bad6404dce85;524;http://data.bioontology.org/ontologies/QIBO/download?apikey=c96ea8d0-efe1-48bb-b123-bad6404dce85
http://data.bioontology.org/ontologies/APANEUROCLUSTER/download?apikey=c96ea8d0-efe1-48bb-b123-bad6404dce85;1281;Could not load imported ontology: <http://alexandergarcia.name/ontos/neuro/Electrophysiology.owl> Cause: Server returned HTTP response code: 403 for URL: http://www.alexandergarcia.name/ontos/neuro/Electrophysiology.owl
http://data.bioontology.org/ontologies/RP/download?apikey=c96ea8d0-efe1-48bb-b123-bad6404dce85;282;http://data.bioontology.org/ontologies/RP/download?apikey=c96ea8d0-efe1-48bb-b123-bad6404dce85
http://data.bioontology.org/ontologies/PDQ/download?apikey=c96ea8d0-efe1-48bb-b123-bad6404dce85;26461;Server returned HTTP response code: 400 for URL: http://data.bioontology.org/ontologies/PDQ/download?apikey=c96ea8d0-efe1-48bb-b123-bad6404dce85
http://data.bioontology.org/ontologies/FB-BT/download?apikey=c96ea8d0-efe1-48bb-b123-bad6404dce85;19199;Server returned HTTP response code: 400 for URL: http://data.bioontology.org/ontologies/FB-BT/download?apikey=c96ea8d0-efe1-48bb-b123-bad6404dce85
http://data.bioontology.org/ontologies/GO/download?apikey=c96ea8d0-efe1-48bb-b123-bad6404dce85;67739;Server returned HTTP response code: 400 for URL: http://data.bioontology.org/ontologies/GO/download?apikey=c96ea8d0-efe1-48bb-b123-bad6404dce85
http://data.bioontology.org/ontologies/NBO/download?apikey=c96ea8d0-efe1-48bb-b123-bad6404dce85;67739;Exception in thread main java.lang.OutOfMemoryError: Java heap space
http://data.bioontology.org/ontologies/DDANAT/download?apikey=c96ea8d0-efe1-48bb-b123-bad6404dce85;3069;Server returned HTTP response code: 400 for URL: http://data.bioontology.org/ontologies/DDANAT/download?apikey=c96ea8d0-efe1-48bb-b123-bad6404dce85
http://data.bioontology.org/ontologies/PECO/download?apikey=c96ea8d0-efe1-48bb-b123-bad6404dce85;3349;Server returned HTTP response code: 400 for URL: http://data.bioontology.org/ontologies/PECO/download?apikey=c96ea8d0-efe1-48bb-b123-bad6404dce85
http://data.bioontology.org/ontologies/DERMO/download?apikey=c96ea8d0-efe1-48bb-b123-bad6404dce85;6900;Server returned HTTP response code: 400 for URL: http://data.bioontology.org/ontologies/DERMO/download?apikey=c96ea8d0-efe1-48bb-b123-bad6404dce85
http://data.bioontology.org/ontologies/PO/download?apikey=c96ea8d0-efe1-48bb-b123-bad6404dce85;12590;Server returned HTTP response code: 400 for URL: http://data.bioontology.org/ontologies/PO/download?apikey=c96ea8d0-efe1-48bb-b123-bad6404dce85
" "
" "
" "
" "
" "
